I	WormBase	gene	11429014	11432156	.	+	.	ID=gene:WBGene00003664;Name=nhr-74;biotype=protein_coding;description=Nuclear Hormone Receptor family [Source:NCBI gene%3BAcc:191723];gene_id=WBGene00003664;logic_name=wormbase
I	WormBase	gene	11433671	11436018	.	-	.	ID=gene:WBGene00003663;Name=nhr-73;biotype=protein_coding;description=Nuclear Hormone Receptor family [Source:NCBI gene%3BAcc:191722];gene_id=WBGene00003663;logic_name=wormbase
I	WormBase	gene	11436782	11437407	.	+	.	ID=gene:WBGene00007770;Name=nhr-259;biotype=protein_coding;description=NR LBD domain-containing protein [Source:NCBI gene%3BAcc:182960];gene_id=WBGene00007770;logic_name=wormbase
I	WormBase	gene	11454780	11455539	.	+	.	ID=gene:WBGene00014186;Name=nhr-244;biotype=protein_coding;description=NR LBD domain-containing protein [Source:NCBI gene%3BAcc:191495];gene_id=WBGene00014186;logic_name=wormbase
I	WormBase	gene	11473218	11475662	.	-	.	ID=gene:WBGene00003703;Name=nhr-113;biotype=protein_coding;description=Nuclear Hormone Receptor family [Source:NCBI gene%3BAcc:173033];gene_id=WBGene00003703;logic_name=wormbase
I	WormBase	gene	11477744	11480071	.	+	.	ID=gene:WBGene00014189;Name=nhr-245;biotype=protein_coding;description=Nuclear Hormone Receptor family [Source:NCBI gene%3BAcc:191496];gene_id=WBGene00014189;logic_name=wormbase
I	WormBase	gene	12245456	12246778	.	+	.	ID=gene:WBGene00003672;Name=nhr-82;biotype=protein_coding;description=Nuclear Hormone Receptor family [Source:NCBI gene%3BAcc:191729];gene_id=WBGene00003672;logic_name=wormbase
I	WormBase	gene	12251906	12253636	.	+	.	ID=gene:WBGene00009608;Name=nhr-265;biotype=protein_coding;description=Nuclear Hormone Receptor family [Source:NCBI gene%3BAcc:185603];gene_id=WBGene00009608;logic_name=wormbase
I	WormBase	gene	12327982	12329494	.	-	.	ID=gene:WBGene00003671;Name=nhr-81;biotype=protein_coding;description=Nuclear Hormone Receptor family [Source:NCBI gene%3BAcc:191728];gene_id=WBGene00003671;logic_name=wormbase
I	WormBase	gene	12331085	12333454	.	+	.	ID=gene:WBGene00008158;Name=nhr-165;biotype=protein_coding;description=Nuclear Hormone Receptor family [Source:NCBI gene%3BAcc:183558];gene_id=WBGene00008158;logic_name=wormbase
I	WormBase	gene	12341145	12342826	.	+	.	ID=gene:WBGene00011651;Name=nhr-217;biotype=protein_coding;description=Nuclear hormone receptor family member nhr-217 [Source:NCBI gene%3BAcc:188330];gene_id=WBGene00011651;logic_name=wormbase
I	WormBase	gene	12384277	12385731	.	-	.	ID=gene:WBGene00003667;Name=nhr-77;biotype=protein_coding;description=Nuclear hormone receptor family member nhr-77 [Source:NCBI gene%3BAcc:191726];gene_id=WBGene00003667;logic_name=wormbase
I	WormBase	gene	12417386	12418800	.	+	.	ID=gene:WBGene00008474;Name=nhr-174;biotype=protein_coding;description=Nuclear hormone receptor family member nhr-174 [Source:NCBI gene%3BAcc:184021];gene_id=WBGene00008474;logic_name=wormbase
I	WormBase	gene	12439936	12441253	.	-	.	ID=gene:WBGene00003679;Name=nhr-89;biotype=protein_coding;description=Nuclear hormone receptor family member nhr-89 [Source:NCBI gene%3BAcc:184026];gene_id=WBGene00003679;logic_name=wormbase
I	WormBase	gene	12442299	12443780	.	+	.	ID=gene:WBGene00008289;Name=nhr-169;biotype=protein_coding;description=Nuclear hormone receptor family member nhr-169 [Source:NCBI gene%3BAcc:183768];gene_id=WBGene00008289;logic_name=wormbase
I	WormBase	gene	13055201	13062122	.	-	.	ID=gene:WBGene00003675;Name=nhr-85;biotype=protein_coding;description=Nuclear hormone receptor family member nhr-85 [Source:NCBI gene%3BAcc:191732];gene_id=WBGene00003675;logic_name=wormbase
I	WormBase	gene	14041627	14043478	.	+	.	ID=gene:WBGene00013512;Name=nhr-276;biotype=protein_coding;description=Nuclear Hormone Receptor family [Source:NCBI gene%3BAcc:190581];gene_id=WBGene00013512;logic_name=wormbase
I	WormBase	gene	3101851	3109621	.	+	.	ID=gene:WBGene00003654;Name=nhr-64;biotype=protein_coding;description=Nuclear hormone receptor family member nhr-64 [Source:NCBI gene%3BAcc:171884];gene_id=WBGene00003654;logic_name=wormbase
I	WormBase	gene	5818474	5821134	.	-	.	ID=gene:WBGene00003601;Name=nhr-2;biotype=protein_coding;description=Nuclear hormone receptor family member nhr-2 [Source:NCBI gene%3BAcc:172251];gene_id=WBGene00003601;logic_name=wormbase
I	WormBase	gene	7214745	7221299	.	+	.	ID=gene:WBGene00003622;Name=nhr-23;biotype=protein_coding;description=Nuclear hormone receptor family member nhr-23 [Source:NCBI gene%3BAcc:172460];gene_id=WBGene00003622;logic_name=wormbase
I	WormBase	gene	9839598	9844809	.	+	.	ID=gene:WBGene00003652;Name=nhr-62;biotype=protein_coding;description=NR LBD domain-containing protein%3B Nuclear hormone receptor family member nhr-62 [Source:NCBI gene%3BAcc:172836];gene_id=WBGene00003652;logic_name=wormbase
I	WormBase	gene	9869651	9874680	.	+	.	ID=gene:WBGene00003639;Name=nhr-49;biotype=protein_coding;description=NR LBD domain-containing protein%3B Nuclear hormone receptor family member nhr-49 [Source:NCBI gene%3BAcc:172839];gene_id=WBGene00003639;logic_name=wormbase
I	WormBase	gene	9879183	9881504	.	-	.	ID=gene:WBGene00003659;Name=nhr-69;biotype=protein_coding;description=Nuclear hormone receptor family member nhr-69 [Source:NCBI gene%3BAcc:172840];gene_id=WBGene00003659;logic_name=wormbase
II	WormBase	gene	12636678	12638491	.	+	.	ID=gene:WBGene00012596;Name=nhr-234;biotype=protein_coding;description=Nuclear Hormone Receptor family [Source:NCBI gene%3BAcc:189663];gene_id=WBGene00012596;logic_name=wormbase
II	WormBase	gene	12640670	12642917	.	+	.	ID=gene:WBGene00012597;Name=nhr-235;biotype=protein_coding;description=NR LBD domain-containing protein [Source:NCBI gene%3BAcc:189664];gene_id=WBGene00012597;logic_name=wormbase
II	WormBase	gene	14816136	14818543	.	-	.	ID=gene:WBGene00003651;Name=nhr-61;biotype=protein_coding;description=Nuclear hormone receptor family member nhr-61 [Source:NCBI gene%3BAcc:175142];gene_id=WBGene00003651;logic_name=wormbase
II	WormBase	gene	2794016	2800600	.	-	.	ID=gene:WBGene00003709;Name=nhr-119;biotype=protein_coding;description=Nuclear Hormone Receptor family [Source:NCBI gene%3BAcc:187340];gene_id=WBGene00003709;logic_name=wormbase
II	WormBase	gene	2976639	2987023	.	+	.	ID=gene:WBGene00003678;Name=nhr-88;biotype=protein_coding;description=Nuclear receptor domain-containing protein [Source:NCBI gene%3BAcc:173641];gene_id=WBGene00003678;logic_name=wormbase
II	WormBase	gene	3849047	3850755	.	-	.	ID=gene:WBGene00003662;Name=nhr-72;biotype=protein_coding;description=Nuclear Hormone Receptor family [Source:NCBI gene%3BAcc:191721];gene_id=WBGene00003662;logic_name=wormbase
II	WormBase	gene	3852954	3854615	.	+	.	ID=gene:WBGene00015869;Name=nhr-257;biotype=protein_coding;description=Nuclear Hormone Receptor family [Source:NCBI gene%3BAcc:182697];gene_id=WBGene00015869;logic_name=wormbase
II	WormBase	gene	3863084	3864752	.	-	.	ID=gene:WBGene00016777;Name=nhr-261;biotype=protein_coding;description=Nuclear Hormone Receptor family [Source:NCBI gene%3BAcc:183611];gene_id=WBGene00016777;logic_name=wormbase
II	WormBase	gene	3880245	3882175	.	+	.	ID=gene:WBGene00016772;Name=nhr-166;biotype=protein_coding;description=Nuclear Hormone Receptor family [Source:NCBI gene%3BAcc:183605];gene_id=WBGene00016772;logic_name=wormbase
II	WormBase	gene	4433367	4435352	.	+	.	ID=gene:WBGene00003699;Name=nhr-109;biotype=protein_coding;description=NR LBD domain-containing protein [Source:NCBI gene%3BAcc:173780];gene_id=WBGene00003699;logic_name=wormbase
II	WormBase	gene	4435300	4436998	.	+	.	ID=gene:WBGene00020460;Name=nhr-273;biotype=protein_coding;description=Nuclear Hormone Receptor family [Source:NCBI gene%3BAcc:188451];gene_id=WBGene00020460;logic_name=wormbase
II	WormBase	gene	4438805	4440874	.	+	.	ID=gene:WBGene00003615;Name=nhr-16;biotype=protein_coding;description=Nuclear hormone receptor family member nhr-16 [Source:NCBI gene%3BAcc:173781];gene_id=WBGene00003615;logic_name=wormbase
II	WormBase	gene	6446195	6449792	.	-	.	ID=gene:WBGene00003621;Name=nhr-22;biotype=protein_coding;description=Nuclear hormone receptor family member nhr-22 [Source:NCBI gene%3BAcc:174066];gene_id=WBGene00003621;logic_name=wormbase
II	WormBase	gene	7339229	7349133	.	+	.	ID=gene:WBGene00003620;Name=nhr-21;biotype=protein_coding;description=NR LBD domain-containing protein [Source:NCBI gene%3BAcc:174202];gene_id=WBGene00003620;logic_name=wormbase
II	WormBase	gene	9598180	9605526	.	-	.	ID=gene:WBGene00003618;Name=nhr-19;biotype=protein_coding;description=Nuclear hormone receptor family member nhr-19 [Source:NCBI gene%3BAcc:174512];gene_id=WBGene00003618;logic_name=wormbase
III	WormBase	gene	11985	14869	.	-	.	ID=gene:WBGene00003670;Name=nhr-80;biotype=protein_coding;description=Nuclear Hormone Receptor family [Source:NCBI gene%3BAcc:175167];gene_id=WBGene00003670;logic_name=wormbase
III	WormBase	gene	130146	130750	.	-	.	ID=gene:WBGene00016227;Name=nhr-280;biotype=protein_coding;description=Nuclear Hormone Receptor family [Source:NCBI gene%3BAcc:183029];gene_id=WBGene00016227;logic_name=wormbase
III	WormBase	gene	2449338	2454807	.	-	.	ID=gene:WBGene00003711;Name=nhr-121;biotype=protein_coding;description=Nuclear hormone receptor family member nhr-121 [Source:NCBI gene%3BAcc:184003];gene_id=WBGene00003711;logic_name=wormbase
III	WormBase	gene	2561710	2566595	.	+	.	ID=gene:WBGene00021848;Name=nhr-239;biotype=protein_coding;description=Nuclear receptor domain-containing protein [Source:NCBI gene%3BAcc:190264];gene_id=WBGene00021848;logic_name=wormbase
III	WormBase	gene	3573581	3578771	.	+	.	ID=gene:WBGene00003605;Name=nhr-6;biotype=protein_coding;description=Nuclear hormone receptor family member nhr-6 [Source:NCBI gene%3BAcc:175462];gene_id=WBGene00003605;logic_name=wormbase
III	WormBase	gene	4230436	4233219	.	-	.	ID=gene:WBGene00003619;Name=nhr-20;biotype=protein_coding;description=Nuclear hormone receptor family member nhr-20 [Source:NCBI gene%3BAcc:175546];gene_id=WBGene00003619;logic_name=wormbase
III	WormBase	gene	7088473	7090692	.	-	.	ID=gene:WBGene00044353;Name=ZK418.10;biotype=protein_coding;description=NR LBD domain-containing protein [Source:NCBI gene%3BAcc:3565356];gene_id=WBGene00044353;logic_name=wormbase
III	WormBase	gene	7095462	7097205	.	+	.	ID=gene:WBGene00003608;Name=nhr-9;biotype=protein_coding;description=Nuclear hormone receptor family member nhr-9 [Source:NCBI gene%3BAcc:191718];gene_id=WBGene00003608;logic_name=wormbase
III	WormBase	gene	7100289	7102049	.	+	.	ID=gene:WBGene00044354;Name=ZK418.11;biotype=protein_coding;description=NR LBD domain-containing protein [Source:NCBI gene%3BAcc:3565390];gene_id=WBGene00044354;logic_name=wormbase
III	WormBase	gene	7112295	7115438	.	-	.	ID=gene:WBGene00003609;Name=nhr-10;biotype=protein_coding;description=Nuclear hormone receptor family member nhr-10 [Source:NCBI gene%3BAcc:175993];gene_id=WBGene00003609;logic_name=wormbase
IV	WormBase	gene	11169748	11174791	.	+	.	ID=gene:WBGene00003657;Name=nhr-67;biotype=protein_coding;description=Nuclear hormone receptor family member nhr-67 [Source:NCBI gene%3BAcc:178024];gene_id=WBGene00003657;logic_name=wormbase
IV	WormBase	gene	11266265	11271362	.	-	.	ID=gene:WBGene00003606;Name=nhr-7;biotype=protein_coding;description=Nuclear hormone receptor family member nhr-7 [Source:NCBI gene%3BAcc:178035];gene_id=WBGene00003606;logic_name=wormbase
IV	WormBase	gene	11899590	11902976	.	+	.	ID=gene:WBGene00003633;Name=nhr-43;biotype=protein_coding;description=Nuclear Hormone Receptor family [Source:NCBI gene%3BAcc:178121];gene_id=WBGene00003633;logic_name=wormbase
IV	WormBase	gene	1386215	1399353	.	+	.	ID=gene:WBGene00022423;Name=nhr-41;biotype=protein_coding;description=Nuclear Hormone Receptor family [Source:NCBI gene%3BAcc:190865];gene_id=WBGene00022423;logic_name=wormbase
IV	WormBase	gene	15400277	15407416	.	+	.	ID=gene:WBGene00003604;Name=nhr-5;biotype=protein_coding;description=Nuclear hormone receptor family member nhr-5 [Source:NCBI gene%3BAcc:191717];gene_id=WBGene00003604;logic_name=wormbase
IV	WormBase	gene	1613892	1616774	.	+	.	ID=gene:WBGene00003712;Name=nhr-122;biotype=protein_coding;description=Nuclear Hormone Receptor family [Source:NCBI gene%3BAcc:189821];gene_id=WBGene00003712;logic_name=wormbase
IV	WormBase	gene	1620094	1623753	.	+	.	ID=gene:WBGene00003682;Name=nhr-92;biotype=protein_coding;description=Nuclear Hormone Receptor family [Source:NCBI gene%3BAcc:176971];gene_id=WBGene00003682;logic_name=wormbase
IV	WormBase	gene	1624029	1626705	.	+	.	ID=gene:WBGene00003677;Name=nhr-87;biotype=protein_coding;description=Nuclear Hormone Receptor family [Source:NCBI gene%3BAcc:176972];gene_id=WBGene00003677;logic_name=wormbase
IV	WormBase	gene	1626805	1630756	.	+	.	ID=gene:WBGene00045255;Name=nhr-146;biotype=protein_coding;description=Nuclear Hormone Receptor family [Source:NCBI gene%3BAcc:6418682];gene_id=WBGene00045255;logic_name=wormbase
IV	WormBase	gene	1637954	1645298	.	-	.	ID=gene:WBGene00021522;Name=nhr-274;biotype=protein_coding;description=NR LBD domain-containing protein [Source:NCBI gene%3BAcc:189825];gene_id=WBGene00021522;logic_name=wormbase
IV	WormBase	gene	17028931	17030594	.	-	.	ID=gene:WBGene00013795;Name=nhr-229;biotype=protein_coding;description=Nuclear receptor domain-containing protein [Source:NCBI gene%3BAcc:191001];gene_id=WBGene00013795;logic_name=wormbase
IV	WormBase	gene	2327126	2329640	.	-	.	ID=gene:WBGene00021417;Name=nhr-236;biotype=protein_coding;description=Nuclear receptor domain-containing protein [Source:NCBI gene%3BAcc:189677];gene_id=WBGene00021417;logic_name=wormbase
IV	WormBase	gene	2578932	2581583	.	-	.	ID=gene:WBGene00022097;Name=nhr-242;biotype=protein_coding;description=Nuclear Hormone Receptor family [Source:NCBI gene%3BAcc:190547];gene_id=WBGene00022097;logic_name=wormbase
IV	WormBase	gene	2742994	2747485	.	+	.	ID=gene:WBGene00022374;Name=nhr-277;biotype=protein_coding;description=Nuclear Hormone Receptor family [Source:NCBI gene%3BAcc:190799];gene_id=WBGene00022374;logic_name=wormbase
IV	WormBase	gene	3186011	3191566	.	-	.	ID=gene:WBGene00022062;Name=Y67D8B.2;biotype=protein_coding;description=NR LBD domain-containing protein [Source:NCBI gene%3BAcc:190514];gene_id=WBGene00022062;logic_name=wormbase
IV	WormBase	gene	4274341	4277875	.	-	.	ID=gene:WBGene00003668;Name=nhr-78;biotype=protein_coding;description=Nuclear Hormone Receptor family [Source:NCBI gene%3BAcc:191727];gene_id=WBGene00003668;logic_name=wormbase
IV	WormBase	gene	4784469	4788692	.	-	.	ID=gene:WBGene00003694;Name=nhr-104;biotype=protein_coding;description=NR LBD domain-containing protein [Source:NCBI gene%3BAcc:177248];gene_id=WBGene00003694;logic_name=wormbase
IV	WormBase	gene	5747363	5757862	.	-	.	ID=gene:WBGene00003636;Name=nhr-46;biotype=protein_coding;description=Nuclear Hormone Receptor family [Source:NCBI gene%3BAcc:177350];gene_id=WBGene00003636;logic_name=wormbase
IV	WormBase	gene	627537	633963	.	+	.	ID=gene:WBGene00015497;Name=nhr-76;biotype=protein_coding;description=Nuclear Hormone Receptor family [Source:NCBI gene%3BAcc:182276];gene_id=WBGene00015497;logic_name=wormbase
IV	WormBase	gene	6971898	6972527	.	-	.	ID=gene:WBGene00022726;Name=nhr-249;biotype=protein_coding;description=NR LBD domain-containing protein [Source:NCBI gene%3BAcc:191307];gene_id=WBGene00022726;logic_name=wormbase
IV	WormBase	gene	7050156	7053450	.	+	.	ID=gene:WBGene00003695;Name=nhr-105;biotype=protein_coding;description=Nuclear Hormone Receptor family [Source:NCBI gene%3BAcc:177476];gene_id=WBGene00003695;logic_name=wormbase
IV	WormBase	gene	7710983	7714210	.	+	.	ID=gene:WBGene00003607;Name=nhr-8;biotype=protein_coding;description=Nuclear hormone receptor family member nhr-8 [Source:NCBI gene%3BAcc:177551];gene_id=WBGene00003607;logic_name=wormbase
IV	WormBase	gene	8022655	8029513	.	-	.	ID=gene:WBGene00003625;Name=nhr-31;biotype=protein_coding;description=Nuclear hormone receptor family member nhr-31 [Source:NCBI gene%3BAcc:177601];gene_id=WBGene00003625;logic_name=wormbase
IV	WormBase	gene	8044938	8047493	.	+	.	ID=gene:WBGene00016126;Name=nhr-258;biotype=protein_coding;description=Nuclear Hormone Receptor family [Source:NCBI gene%3BAcc:182927];gene_id=WBGene00016126;logic_name=wormbase
IV	WormBase	gene	8226331	8236602	.	-	.	ID=gene:WBGene00003656;Name=nhr-66;biotype=protein_coding;description=Nuclear Hormone Receptor family [Source:NCBI gene%3BAcc:177618];gene_id=WBGene00003656;logic_name=wormbase
IV	WormBase	gene	9070003	9073622	.	+	.	ID=gene:WBGene00003610;Name=nhr-11;biotype=protein_coding;description=NR LBD domain-containing protein%3B Nuclear hormone receptor family member nhr-11 [Source:NCBI gene%3BAcc:177724];gene_id=WBGene00003610;logic_name=wormbase
IV	WormBase	gene	9284893	9286405	.	-	.	ID=gene:WBGene00010410;Name=nhr-267;biotype=protein_coding;description=Nuclear Hormone Receptor family [Source:NCBI gene%3BAcc:186760];gene_id=WBGene00010410;logic_name=wormbase
IV	WormBase	gene	9292296	9293925	.	-	.	ID=gene:WBGene00008778;Name=nhr-264;biotype=protein_coding;description=Nuclear Hormone Receptor family [Source:NCBI gene%3BAcc:184443];gene_id=WBGene00008778;logic_name=wormbase
IV	WormBase	gene	9664360	9675672	.	-	.	ID=gene:WBGene00003627;Name=nhr-34;biotype=protein_coding;description=Nuclear hormone receptor family member nhr-34 [Source:NCBI gene%3BAcc:177800];gene_id=WBGene00003627;logic_name=wormbase
IV	WormBase	gene	9710187	9712420	.	+	.	ID=gene:WBGene00003629;Name=nhr-38;biotype=protein_coding;description=Nuclear receptor domain-containing protein [Source:NCBI gene%3BAcc:191720];gene_id=WBGene00003629;logic_name=wormbase
IV	WormBase	gene	9725251	9728576	.	+	.	ID=gene:WBGene00003728;Name=nhr-138;biotype=protein_coding;description=Nuclear Hormone Receptor family [Source:NCBI gene%3BAcc:3565904];gene_id=WBGene00003728;logic_name=wormbase
IV	WormBase	gene	9728676	9731301	.	+	.	ID=gene:WBGene00003690;Name=nhr-100;biotype=protein_coding;description=Nuclear hormone receptor family member nhr-100 [Source:NCBI gene%3BAcc:177806];gene_id=WBGene00003690;logic_name=wormbase
IV	WormBase	gene	9757641	9764499	.	+	.	ID=gene:WBGene00003687;Name=nhr-97;biotype=protein_coding;description=Nuclear hormone receptor family member nhr-97 [Source:NCBI gene%3BAcc:177810];gene_id=WBGene00003687;logic_name=wormbase
IV	WormBase	gene	9879329	9882152	.	+	.	ID=gene:WBGene00003603;Name=nhr-4;biotype=protein_coding;description=Nuclear hormone receptor family member nhr-4 [Source:NCBI gene%3BAcc:177839];gene_id=WBGene00003603;logic_name=wormbase
V	WormBase	gene	10069369	10070641	.	-	.	ID=gene:WBGene00010180;Name=nhr-192;biotype=protein_coding;description=Nuclear Hormone Receptor family [Source:NCBI gene%3BAcc:186431];gene_id=WBGene00010180;logic_name=wormbase
V	WormBase	gene	10080083	10081776	.	-	.	ID=gene:WBGene00011002;Name=nhr-205;biotype=protein_coding;description=Nuclear Hormone Receptor family [Source:NCBI gene%3BAcc:187567];gene_id=WBGene00011002;logic_name=wormbase
V	WormBase	gene	10082133	10084049	.	-	.	ID=gene:WBGene00003611;Name=nhr-12;biotype=protein_coding;description=Nuclear hormone receptor family member nhr-12 [Source:NCBI gene%3BAcc:179403];gene_id=WBGene00003611;logic_name=wormbase
V	WormBase	gene	10256170	10258783	.	+	.	ID=gene:WBGene00012494;Name=nhr-232;biotype=protein_coding;description=Nuclear Hormone Receptor family [Source:NCBI gene%3BAcc:179426];gene_id=WBGene00012494;logic_name=wormbase
V	WormBase	gene	11570476	11572549	.	+	.	ID=gene:WBGene00003691;Name=nhr-101;biotype=protein_coding;description=Nuclear Hormone Receptor family [Source:NCBI gene%3BAcc:179588];gene_id=WBGene00003691;logic_name=wormbase
V	WormBase	gene	11573440	11575709	.	+	.	ID=gene:WBGene00003658;Name=nhr-68;biotype=protein_coding;description=NR LBD domain-containing protein%3B Nuclear hormone receptor family member nhr-68 [Source:NCBI gene%3BAcc:179589];gene_id=WBGene00003658;logic_name=wormbase
V	WormBase	gene	12092006	12093873	.	+	.	ID=gene:WBGene00011097;Name=nhr-206;biotype=protein_coding;description=Nuclear Hormone Receptor family [Source:NCBI gene%3BAcc:187660];gene_id=WBGene00011097;logic_name=wormbase
V	WormBase	gene	12094317	12095895	.	+	.	ID=gene:WBGene00011099;Name=nhr-208;biotype=protein_coding;description=Nuclear Hormone Receptor family [Source:NCBI gene%3BAcc:187662];gene_id=WBGene00011099;logic_name=wormbase
V	WormBase	gene	12096146	12097931	.	+	.	ID=gene:WBGene00011098;Name=nhr-207;biotype=protein_coding;description=Nuclear Hormone Receptor family [Source:NCBI gene%3BAcc:187661];gene_id=WBGene00011098;logic_name=wormbase
V	WormBase	gene	12098149	12100643	.	+	.	ID=gene:WBGene00011100;Name=nhr-209;biotype=protein_coding;description=Nuclear Hormone Receptor family [Source:NCBI gene%3BAcc:187663];gene_id=WBGene00011100;logic_name=wormbase
V	WormBase	gene	12101293	12103396	.	+	.	ID=gene:WBGene00007547;Name=nhr-154;biotype=protein_coding;description=Nuclear hormone receptor family member nhr-154 [Source:NCBI gene%3BAcc:182565];gene_id=WBGene00007547;logic_name=wormbase
V	WormBase	gene	12104220	12106537	.	+	.	ID=gene:WBGene00007546;Name=nhr-153;biotype=protein_coding;description=Nuclear hormone receptor family member nhr-153 [Source:NCBI gene%3BAcc:182564];gene_id=WBGene00007546;logic_name=wormbase
V	WormBase	gene	12107141	12109313	.	+	.	ID=gene:WBGene00003726;Name=nhr-136;biotype=protein_coding;description=Nuclear hormone receptor family member nhr-136 [Source:NCBI gene%3BAcc:182566];gene_id=WBGene00003726;logic_name=wormbase
V	WormBase	gene	13329186	13331019	.	-	.	ID=gene:WBGene00003719;Name=nhr-129;biotype=protein_coding;description=Nuclear Hormone Receptor family [Source:NCBI gene%3BAcc:183635];gene_id=WBGene00003719;logic_name=wormbase
V	WormBase	gene	13331114	13333871	.	-	.	ID=gene:WBGene00008221;Name=nhr-168;biotype=protein_coding;description=Nuclear Hormone Receptor family [Source:NCBI gene%3BAcc:353455];gene_id=WBGene00008221;logic_name=wormbase
V	WormBase	gene	13866691	13868602	.	+	.	ID=gene:WBGene00008630;Name=nhr-175;biotype=protein_coding;description=Nuclear Hormone Receptor family [Source:NCBI gene%3BAcc:184255];gene_id=WBGene00008630;logic_name=wormbase
V	WormBase	gene	1509879	1511637	.	-	.	ID=gene:WBGene00016517;Name=nhr-260;biotype=protein_coding;description=Nuclear Hormone Receptor family [Source:NCBI gene%3BAcc:183304];gene_id=WBGene00016517;logic_name=wormbase
V	WormBase	gene	15233894	15235761	.	-	.	ID=gene:WBGene00008056;Name=nhr-164;biotype=protein_coding;description=Nuclear hormone receptor family member nhr-164 [Source:NCBI gene%3BAcc:183381];gene_id=WBGene00008056;logic_name=wormbase
V	WormBase	gene	15316477	15318524	.	+	.	ID=gene:WBGene00014192;Name=nhr-246;biotype=protein_coding;description=CHK domain-containing protein [Source:NCBI gene%3BAcc:191499];gene_id=WBGene00014192;logic_name=wormbase
V	WormBase	gene	15318961	15320553	.	+	.	ID=gene:WBGene00045515;Name=nhr-291;biotype=protein_coding;description=Nuclear receptor domain-containing protein [Source:NCBI gene%3BAcc:6418820];gene_id=WBGene00045515;logic_name=wormbase
V	WormBase	gene	15322982	15325379	.	+	.	ID=gene:WBGene00014193;Name=nhr-247;biotype=protein_coding;description=Nuclear Hormone Receptor family [Source:NCBI gene%3BAcc:191500];gene_id=WBGene00014193;logic_name=wormbase
V	WormBase	gene	15368470	15369807	.	-	.	ID=gene:WBGene00011150;Name=nhr-269;biotype=protein_coding;description=Nuclear Hormone Receptor family [Source:NCBI gene%3BAcc:187716];gene_id=WBGene00011150;logic_name=wormbase
V	WormBase	gene	15479383	15481465	.	-	.	ID=gene:WBGene00007367;Name=nhr-150;biotype=protein_coding;description=Nuclear hormone receptor family member nhr-150 [Source:NCBI gene%3BAcc:182297];gene_id=WBGene00007367;logic_name=wormbase
V	WormBase	gene	15674007	15676003	.	+	.	ID=gene:WBGene00003641;Name=nhr-51;biotype=protein_coding;description=Nuclear hormone receptor family member nhr-51 [Source:NCBI gene%3BAcc:180052];gene_id=WBGene00003641;logic_name=wormbase
V	WormBase	gene	15677522	15680074	.	+	.	ID=gene:WBGene00003642;Name=nhr-52;biotype=protein_coding;description=Nuclear hormone receptor family member nhr-52 [Source:NCBI gene%3BAcc:3565623];gene_id=WBGene00003642;logic_name=wormbase
V	WormBase	gene	15685716	15687715	.	+	.	ID=gene:WBGene00010600;Name=nhr-196;biotype=protein_coding;description=Nuclear Hormone Receptor family [Source:NCBI gene%3BAcc:187053];gene_id=WBGene00010600;logic_name=wormbase
V	WormBase	gene	15687960	15689794	.	+	.	ID=gene:WBGene00010602;Name=nhr-197;biotype=protein_coding;description=Nuclear hormone receptor family member nhr-197 [Source:NCBI gene%3BAcc:187055];gene_id=WBGene00010602;logic_name=wormbase
V	WormBase	gene	15690252	15691606	.	+	.	ID=gene:WBGene00010601;Name=nhr-268;biotype=protein_coding;description=Nuclear hormone receptor family member nhr-268 [Source:NCBI gene%3BAcc:187054];gene_id=WBGene00010601;logic_name=wormbase
V	WormBase	gene	15693994	15696217	.	+	.	ID=gene:WBGene00010603;Name=nhr-198;biotype=protein_coding;description=Nuclear Hormone Receptor family [Source:NCBI gene%3BAcc:187056];gene_id=WBGene00010603;logic_name=wormbase
V	WormBase	gene	15698528	15699899	.	-	.	ID=gene:WBGene00010604;Name=nhr-199;biotype=protein_coding;description=Nuclear hormone receptor family member nhr-199 [Source:NCBI gene%3BAcc:187058];gene_id=WBGene00010604;logic_name=wormbase
V	WormBase	gene	15700606	15702363	.	-	.	ID=gene:WBGene00003643;Name=nhr-53;biotype=protein_coding;description=Nuclear hormone receptor family member nhr-53 [Source:NCBI gene%3BAcc:180053];gene_id=WBGene00003643;logic_name=wormbase
V	WormBase	gene	15770268	15773241	.	-	.	ID=gene:WBGene00003650;Name=nhr-60;biotype=protein_coding;description=Nuclear hormone receptor family member nhr-60 [Source:NCBI gene%3BAcc:180059];gene_id=WBGene00003650;logic_name=wormbase
V	WormBase	gene	15774906	15776751	.	-	.	ID=gene:WBGene00010186;Name=nhr-283;biotype=protein_coding;description=Nuclear Hormone Receptor family [Source:NCBI gene%3BAcc:3565118];gene_id=WBGene00010186;logic_name=wormbase
V	WormBase	gene	15777718	15779228	.	-	.	ID=gene:WBGene00012056;Name=nhr-285;biotype=protein_coding;description=Nuclear Hormone Receptor family [Source:NCBI gene%3BAcc:3565155];gene_id=WBGene00012056;logic_name=wormbase
V	WormBase	gene	15796387	15797534	.	+	.	ID=gene:WBGene00012050;Name=nhr-223;biotype=protein_coding;description=Nuclear Hormone Receptor family [Source:NCBI gene%3BAcc:188934];gene_id=WBGene00012050;logic_name=wormbase
V	WormBase	gene	15812282	15813104	.	+	.	ID=gene:WBGene00010017;Name=nhr-282;biotype=protein_coding;description=NR LBD domain-containing protein [Source:NCBI gene%3BAcc:186200];gene_id=WBGene00010017;logic_name=wormbase
V	WormBase	gene	15874093	15876408	.	-	.	ID=gene:WBGene00003692;Name=nhr-102;biotype=protein_coding;description=Nuclear Hormone Receptor family [Source:NCBI gene%3BAcc:180062];gene_id=WBGene00003692;logic_name=wormbase
V	WormBase	gene	15876732	15879608	.	-	.	ID=gene:WBGene00003674;Name=nhr-84;biotype=protein_coding;description=Nuclear Hormone Receptor family [Source:NCBI gene%3BAcc:191731];gene_id=WBGene00003674;logic_name=wormbase
V	WormBase	gene	15894439	15896771	.	-	.	ID=gene:WBGene00011520;Name=nhr-213;biotype=protein_coding;description=Nuclear hormone receptor family member nhr-213 [Source:NCBI gene%3BAcc:188172];gene_id=WBGene00011520;logic_name=wormbase
V	WormBase	gene	15922939	15924472	.	-	.	ID=gene:WBGene00003698;Name=nhr-108;biotype=protein_coding;description=Nuclear hormone receptor family member nhr-108 [Source:NCBI gene%3BAcc:180065];gene_id=WBGene00003698;logic_name=wormbase
V	WormBase	gene	15997726	16000631	.	-	.	ID=gene:WBGene00003640;Name=nhr-50;biotype=protein_coding;description=Nuclear Hormone Receptor family [Source:NCBI gene%3BAcc:180067];gene_id=WBGene00003640;logic_name=wormbase
V	WormBase	gene	16002588	16004735	.	+	.	ID=gene:WBGene00003653;Name=nhr-63;biotype=protein_coding;description=Nuclear Hormone Receptor family [Source:NCBI gene%3BAcc:180068];gene_id=WBGene00003653;logic_name=wormbase
V	WormBase	gene	1603906	1607953	.	-	.	ID=gene:WBGene00017510;Name=nhr-178;biotype=protein_coding;description=Nuclear Hormone Receptor family [Source:NCBI gene%3BAcc:184560];gene_id=WBGene00017510;logic_name=wormbase
V	WormBase	gene	16071325	16072738	.	+	.	ID=gene:WBGene00008830;Name=nhr-176;biotype=protein_coding;description=Nuclear Hormone Receptor family [Source:NCBI gene%3BAcc:184496];gene_id=WBGene00008830;logic_name=wormbase
V	WormBase	gene	1610263	1612758	.	+	.	ID=gene:WBGene00017503;Name=nhr-177;biotype=protein_coding;description=NR LBD domain-containing protein [Source:NCBI gene%3BAcc:184557];gene_id=WBGene00017503;logic_name=wormbase
V	WormBase	gene	16122895	16124839	.	-	.	ID=gene:WBGene00003701;Name=nhr-111;biotype=protein_coding;description=Nuclear hormone receptor family member nhr-111 [Source:NCBI gene%3BAcc:185757];gene_id=WBGene00003701;logic_name=wormbase
V	WormBase	gene	1615723	1618860	.	-	.	ID=gene:WBGene00017512;Name=nhr-179;biotype=protein_coding;description=NR LBD domain-containing protein [Source:NCBI gene%3BAcc:184562];gene_id=WBGene00017512;logic_name=wormbase
V	WormBase	gene	1619415	1621520	.	-	.	ID=gene:WBGene00003707;Name=nhr-117;biotype=protein_coding;description=Nuclear Hormone Receptor family [Source:NCBI gene%3BAcc:24104436];gene_id=WBGene00003707;logic_name=wormbase
V	WormBase	gene	1622264	1624440	.	-	.	ID=gene:WBGene00003700;Name=nhr-110;biotype=protein_coding;description=NR LBD domain-containing protein [Source:NCBI gene%3BAcc:178651];gene_id=WBGene00003700;logic_name=wormbase
V	WormBase	gene	1625189	1626820	.	-	.	ID=gene:WBGene00021610;Name=nhr-237;biotype=protein_coding;description=Nuclear Hormone Receptor family [Source:NCBI gene%3BAcc:189970];gene_id=WBGene00021610;logic_name=wormbase
V	WormBase	gene	16258442	16260687	.	+	.	ID=gene:WBGene00011750;Name=nhr-218;biotype=protein_coding;description=Nuclear hormone receptor family member nhr-218 [Source:NCBI gene%3BAcc:188479];gene_id=WBGene00011750;logic_name=wormbase
V	WormBase	gene	16259984	16263953	.	+	.	ID=gene:WBGene00003717;Name=nhr-127;biotype=protein_coding;description=Nuclear hormone receptor family member nhr-127 [Source:NCBI gene%3BAcc:188480];gene_id=WBGene00003717;logic_name=wormbase
V	WormBase	gene	1628105	1629432	.	-	.	ID=gene:WBGene00021611;Name=nhr-238;biotype=protein_coding;description=Nuclear Hormone Receptor family [Source:NCBI gene%3BAcc:189971];gene_id=WBGene00021611;logic_name=wormbase
V	WormBase	gene	16342308	16344401	.	+	.	ID=gene:WBGene00010215;Name=nhr-193;biotype=protein_coding;description=Nuclear Hormone Receptor family [Source:NCBI gene%3BAcc:180098];gene_id=WBGene00010215;logic_name=wormbase
V	WormBase	gene	16503944	16505928	.	-	.	ID=gene:WBGene00003644;Name=nhr-54;biotype=protein_coding;description=Nuclear hormone receptor family member nhr-54 [Source:NCBI gene%3BAcc:180106];gene_id=WBGene00003644;logic_name=wormbase
V	WormBase	gene	16569387	16570797	.	-	.	ID=gene:WBGene00006471;Name=nhr-233;biotype=protein_coding;description=NR LBD domain-containing protein [Source:NCBI gene%3BAcc:189569];gene_id=WBGene00006471;logic_name=wormbase
V	WormBase	gene	16578462	16580524	.	-	.	ID=gene:WBGene00011396;Name=nhr-271;biotype=protein_coding;description=Nuclear Hormone Receptor family [Source:NCBI gene%3BAcc:188016];gene_id=WBGene00011396;logic_name=wormbase
V	WormBase	gene	16722061	16723844	.	-	.	ID=gene:WBGene00003702;Name=nhr-112;biotype=protein_coding;description=Nuclear receptor domain-containing protein [Source:NCBI gene%3BAcc:180115];gene_id=WBGene00003702;logic_name=wormbase
V	WormBase	gene	16904912	16906787	.	+	.	ID=gene:WBGene00008619;Name=nhr-262;biotype=protein_coding;description=Nuclear Hormone Receptor family [Source:NCBI gene%3BAcc:184235];gene_id=WBGene00008619;logic_name=wormbase
V	WormBase	gene	16912234	16915350	.	+	.	ID=gene:WBGene00003706;Name=nhr-116;biotype=protein_coding;description=Nuclear Hormone Receptor family [Source:NCBI gene%3BAcc:180129];gene_id=WBGene00003706;logic_name=wormbase
V	WormBase	gene	17103410	17104627	.	-	.	ID=gene:WBGene00013940;Name=nhr-248;biotype=protein_coding;description=Nuclear Hormone Receptor family [Source:NCBI gene%3BAcc:191246];gene_id=WBGene00013940;logic_name=wormbase
V	WormBase	gene	1743771	1747981	.	+	.	ID=gene:WBGene00022805;Name=nhr-256;biotype=protein_coding;description=NR LBD domain-containing protein [Source:NCBI gene%3BAcc:191409];gene_id=WBGene00022805;logic_name=wormbase
V	WormBase	gene	18380620	18382690	.	-	.	ID=gene:WBGene00013067;Name=nhr-288;biotype=protein_coding;description=NR LBD domain-containing protein [Source:NCBI gene%3BAcc:190128];gene_id=WBGene00013067;logic_name=wormbase
V	WormBase	gene	18616587	18620243	.	+	.	ID=gene:WBGene00003660;Name=nhr-70;biotype=protein_coding;description=Nuclear Hormone Receptor family [Source:NCBI gene%3BAcc:180217];gene_id=WBGene00003660;logic_name=wormbase
V	WormBase	gene	18699451	18700992	.	+	.	ID=gene:WBGene00013483;Name=nhr-241;biotype=protein_coding;description=Nuclear receptor domain-containing protein [Source:NCBI gene%3BAcc:190558];gene_id=WBGene00013483;logic_name=wormbase
V	WormBase	gene	18790958	18794784	.	+	.	ID=gene:WBGene00012449;Name=nhr-231;biotype=protein_coding;description=Nuclear Hormone Receptor family [Source:NCBI gene%3BAcc:189445];gene_id=WBGene00012449;logic_name=wormbase
V	WormBase	gene	18796061	18800826	.	-	.	ID=gene:WBGene00008309;Name=nhr-170;biotype=protein_coding;description=Nuclear Hormone Receptor family [Source:NCBI gene%3BAcc:183795];gene_id=WBGene00008309;logic_name=wormbase
V	WormBase	gene	18839304	18845443	.	+	.	ID=gene:WBGene00003655;Name=nhr-65;biotype=protein_coding;description=Nuclear hormone receptor family member nhr-65 [Source:NCBI gene%3BAcc:180230];gene_id=WBGene00003655;logic_name=wormbase
V	WormBase	gene	18846780	18852729	.	+	.	ID=gene:WBGene00012446;Name=nhr-230;biotype=protein_coding;description=Nuclear Hormone Receptor family [Source:NCBI gene%3BAcc:189442];gene_id=WBGene00012446;logic_name=wormbase
V	WormBase	gene	18895281	18900537	.	-	.	ID=gene:WBGene00013584;Name=nhr-243;biotype=protein_coding;description=Nuclear Hormone Receptor family [Source:NCBI gene%3BAcc:190741];gene_id=WBGene00013584;logic_name=wormbase
V	WormBase	gene	19076604	19082641	.	-	.	ID=gene:WBGene00003685;Name=nhr-95;biotype=protein_coding;description=Nuclear Hormone Receptor family [Source:NCBI gene%3BAcc:180254];gene_id=WBGene00003685;logic_name=wormbase
V	WormBase	gene	19087723	19092660	.	+	.	ID=gene:WBGene00012703;Name=nhr-145;biotype=protein_coding;description=NR LBD domain-containing protein [Source:NCBI gene%3BAcc:180255];gene_id=WBGene00012703;logic_name=wormbase
V	WormBase	gene	19207676	19211895	.	-	.	ID=gene:WBGene00003669;Name=nhr-79;biotype=protein_coding;description=Nuclear hormone receptor family member nhr-79%3B Nuclear receptor domain-containing protein [Source:NCBI gene%3BAcc:180265];gene_id=WBGene00003669;logic_name=wormbase
V	WormBase	gene	2061106	2066850	.	-	.	ID=gene:WBGene00003676;Name=nhr-86;biotype=protein_coding;description=Nuclear hormone receptor family member nhr-86 [Source:NCBI gene%3BAcc:178685];gene_id=WBGene00003676;logic_name=wormbase
V	WormBase	gene	2192485	2196827	.	+	.	ID=gene:WBGene00003612;Name=nhr-13;biotype=protein_coding;description=Nuclear hormone receptor family member nhr-13 [Source:NCBI gene%3BAcc:178696];gene_id=WBGene00003612;logic_name=wormbase
V	WormBase	gene	2210510	2212118	.	-	.	ID=gene:WBGene00003723;Name=nhr-133;biotype=protein_coding;description=Nuclear hormone receptor family member nhr-133 [Source:NCBI gene%3BAcc:185729];gene_id=WBGene00003723;logic_name=wormbase
V	WormBase	gene	2212871	2214478	.	-	.	ID=gene:WBGene00018415;Name=nhr-184;biotype=protein_coding;description=Nuclear Hormone Receptor family [Source:NCBI gene%3BAcc:185730];gene_id=WBGene00018415;logic_name=wormbase
V	WormBase	gene	2219004	2221305	.	+	.	ID=gene:WBGene00003646;Name=nhr-56;biotype=protein_coding;description=NR LBD domain-containing protein [Source:NCBI gene%3BAcc:178699];gene_id=WBGene00003646;logic_name=wormbase
V	WormBase	gene	2222064	2225321	.	+	.	ID=gene:WBGene00003718;Name=nhr-128;biotype=protein_coding;description=Nuclear Hormone Receptor family [Source:NCBI gene%3BAcc:178700];gene_id=WBGene00003718;logic_name=wormbase
V	WormBase	gene	2225430	2227070	.	+	.	ID=gene:WBGene00003693;Name=nhr-103;biotype=protein_coding;description=Nuclear hormone receptor family member nhr-103 [Source:NCBI gene%3BAcc:178701];gene_id=WBGene00003693;logic_name=wormbase
V	WormBase	gene	2227203	2228986	.	+	.	ID=gene:WBGene00003617;Name=nhr-18;biotype=protein_coding;description=Nuclear hormone receptor family member nhr-18 [Source:NCBI gene%3BAcc:178702];gene_id=WBGene00003617;logic_name=wormbase
V	WormBase	gene	2229081	2230984	.	+	.	ID=gene:WBGene00003716;Name=nhr-126;biotype=protein_coding;description=Nuclear Hormone Receptor family [Source:NCBI gene%3BAcc:185731];gene_id=WBGene00003716;logic_name=wormbase
V	WormBase	gene	2231223	2233381	.	+	.	ID=gene:WBGene00003724;Name=nhr-134;biotype=protein_coding;description=Nuclear hormone receptor family member nhr-134 [Source:NCBI gene%3BAcc:185728];gene_id=WBGene00003724;logic_name=wormbase
V	WormBase	gene	2233477	2235180	.	+	.	ID=gene:WBGene00003686;Name=nhr-96;biotype=protein_coding;description=Nuclear hormone receptor family member nhr-96 [Source:NCBI gene%3BAcc:178703];gene_id=WBGene00003686;logic_name=wormbase
V	WormBase	gene	2257420	2259927	.	-	.	ID=gene:WBGene00018265;Name=nhr-182;biotype=protein_coding;description=Nuclear Hormone Receptor family [Source:NCBI gene%3BAcc:185593];gene_id=WBGene00018265;logic_name=wormbase
V	WormBase	gene	2262489	2264634	.	-	.	ID=gene:WBGene00018266;Name=nhr-183;biotype=protein_coding;description=Nuclear Hormone Receptor family [Source:NCBI gene%3BAcc:185594];gene_id=WBGene00018266;logic_name=wormbase
V	WormBase	gene	2264912	2267058	.	-	.	ID=gene:WBGene00021163;Name=nhr-275;biotype=protein_coding;description=Nuclear Hormone Receptor family [Source:NCBI gene%3BAcc:189360];gene_id=WBGene00021163;logic_name=wormbase
V	WormBase	gene	2276013	2278265	.	-	.	ID=gene:WBGene00003649;Name=nhr-59;biotype=protein_coding;description=NR LBD domain-containing protein%3B Nuclear hormone receptor family member nhr-59 [Source:NCBI gene%3BAcc:178707];gene_id=WBGene00003649;logic_name=wormbase
V	WormBase	gene	2281759	2284963	.	+	.	ID=gene:WBGene00020852;Name=nhr-228;biotype=protein_coding;description=NR LBD domain-containing protein [Source:NCBI gene%3BAcc:188977];gene_id=WBGene00020852;logic_name=wormbase
V	WormBase	gene	2285432	2287480	.	+	.	ID=gene:WBGene00020851;Name=nhr-227;biotype=protein_coding;description=Nuclear Hormone Receptor family [Source:NCBI gene%3BAcc:188976];gene_id=WBGene00020851;logic_name=wormbase
V	WormBase	gene	2288153	2290474	.	-	.	ID=gene:WBGene00020849;Name=nhr-225;biotype=protein_coding;description=Nuclear Hormone Receptor family [Source:NCBI gene%3BAcc:188974];gene_id=WBGene00020849;logic_name=wormbase
V	WormBase	gene	2292540	2294800	.	+	.	ID=gene:WBGene00003705;Name=nhr-115;biotype=protein_coding;description=NR LBD domain-containing protein%3B Nuclear hormone receptor family member nhr-115 [Source:NCBI gene%3BAcc:178708];gene_id=WBGene00003705;logic_name=wormbase
V	WormBase	gene	2294877	2296977	.	+	.	ID=gene:WBGene00020850;Name=nhr-226;biotype=protein_coding;description=Nuclear Hormone Receptor family [Source:NCBI gene%3BAcc:188975];gene_id=WBGene00020850;logic_name=wormbase
V	WormBase	gene	254838	258830	.	-	.	ID=gene:WBGene00019816;Name=nhr-204;biotype=protein_coding;description=Nuclear Hormone Receptor family [Source:NCBI gene%3BAcc:187519];gene_id=WBGene00019816;logic_name=wormbase
V	WormBase	gene	2574181	2575410	.	+	.	ID=gene:WBGene00016233;Name=nhr-290;biotype=protein_coding;description=Nuclear receptor domain-containing protein [Source:NCBI gene%3BAcc:183034];gene_id=WBGene00016233;logic_name=wormbase
V	WormBase	gene	312721	323650	.	+	.	ID=gene:WBGene00003614;Name=nhr-15;biotype=protein_coding;description=Nuclear Hormone Receptor family [Source:NCBI gene%3BAcc:178558];gene_id=WBGene00003614;logic_name=wormbase
V	WormBase	gene	3532914	3535360	.	-	.	ID=gene:WBGene00020748;Name=nhr-221;biotype=protein_coding;description=Nuclear Hormone Receptor family [Source:NCBI gene%3BAcc:188826];gene_id=WBGene00020748;logic_name=wormbase
V	WormBase	gene	3536135	3538407	.	-	.	ID=gene:WBGene00003683;Name=nhr-93;biotype=protein_coding;description=Nuclear Hormone Receptor family [Source:NCBI gene%3BAcc:13212318];gene_id=WBGene00003683;logic_name=wormbase
V	WormBase	gene	3541586	3543444	.	-	.	ID=gene:WBGene00020750;Name=nhr-222;biotype=protein_coding;description=Nuclear Hormone Receptor family [Source:NCBI gene%3BAcc:188828];gene_id=WBGene00020750;logic_name=wormbase
V	WormBase	gene	3844429	3847368	.	-	.	ID=gene:WBGene00018539;Name=nhr-185;biotype=protein_coding;description=Nuclear Hormone Receptor family [Source:NCBI gene%3BAcc:185907];gene_id=WBGene00018539;logic_name=wormbase
V	WormBase	gene	3852298	3854947	.	-	.	ID=gene:WBGene00018541;Name=nhr-186;biotype=protein_coding;description=Nuclear Hormone Receptor family [Source:NCBI gene%3BAcc:185909];gene_id=WBGene00018541;logic_name=wormbase
V	WormBase	gene	3856296	3857861	.	-	.	ID=gene:WBGene00018544;Name=nhr-188;biotype=protein_coding;description=Nuclear Hormone Receptor family [Source:NCBI gene%3BAcc:185912];gene_id=WBGene00018544;logic_name=wormbase
V	WormBase	gene	3858435	3860243	.	-	.	ID=gene:WBGene00018545;Name=nhr-189;biotype=protein_coding;description=Nuclear Hormone Receptor family [Source:NCBI gene%3BAcc:185913];gene_id=WBGene00018545;logic_name=wormbase
V	WormBase	gene	3860939	3862951	.	-	.	ID=gene:WBGene00018542;Name=nhr-187;biotype=protein_coding;description=Nuclear Hormone Receptor family [Source:NCBI gene%3BAcc:185910];gene_id=WBGene00018542;logic_name=wormbase
V	WormBase	gene	3866556	3869005	.	-	.	ID=gene:WBGene00015900;Name=nhr-157;biotype=protein_coding;description=Nuclear Hormone Receptor family [Source:NCBI gene%3BAcc:182730];gene_id=WBGene00015900;logic_name=wormbase
V	WormBase	gene	3871174	3874152	.	-	.	ID=gene:WBGene00015901;Name=nhr-158;biotype=protein_coding;description=Nuclear Hormone Receptor family [Source:NCBI gene%3BAcc:182731];gene_id=WBGene00015901;logic_name=wormbase
V	WormBase	gene	3875245	3878323	.	-	.	ID=gene:WBGene00015902;Name=nhr-159;biotype=protein_coding;description=Nuclear Hormone Receptor family [Source:NCBI gene%3BAcc:182732];gene_id=WBGene00015902;logic_name=wormbase
V	WormBase	gene	3880798	3886204	.	-	.	ID=gene:WBGene00003714;Name=nhr-124;biotype=protein_coding;description=Nuclear hormone receptor family member nhr-124 [Source:NCBI gene%3BAcc:182733];gene_id=WBGene00003714;logic_name=wormbase
V	WormBase	gene	3906106	3908452	.	+	.	ID=gene:WBGene00015897;Name=nhr-156;biotype=protein_coding;description=Nuclear Hormone Receptor family [Source:NCBI gene%3BAcc:182727];gene_id=WBGene00015897;logic_name=wormbase
V	WormBase	gene	392628	395120	.	+	.	ID=gene:WBGene00022640;Name=nhr-254;biotype=protein_coding;description=Nuclear Hormone Receptor family [Source:NCBI gene%3BAcc:191206];gene_id=WBGene00022640;logic_name=wormbase
V	WormBase	gene	396593	398933	.	+	.	ID=gene:WBGene00022639;Name=nhr-253;biotype=protein_coding;description=Nuclear Hormone Receptor family [Source:NCBI gene%3BAcc:191205];gene_id=WBGene00022639;logic_name=wormbase
V	WormBase	gene	404619	405997	.	+	.	ID=gene:WBGene00022637;Name=nhr-252;biotype=protein_coding;description=Nuclear Hormone Receptor family [Source:NCBI gene%3BAcc:191203];gene_id=WBGene00022637;logic_name=wormbase
V	WormBase	gene	4095040	4100541	.	+	.	ID=gene:WBGene00018189;Name=nhr-181;biotype=protein_coding;description=Nuclear Hormone Receptor family [Source:NCBI gene%3BAcc:185483];gene_id=WBGene00018189;logic_name=wormbase
V	WormBase	gene	4131889	4135102	.	+	.	ID=gene:WBGene00003647;Name=nhr-57;biotype=protein_coding;description=Nuclear hormone receptor family member nhr-57 [Source:NCBI gene%3BAcc:178813];gene_id=WBGene00003647;logic_name=wormbase
V	WormBase	gene	4187202	4190008	.	+	.	ID=gene:WBGene00003704;Name=nhr-114;biotype=protein_coding;description=Nuclear hormone receptor 114 [Source:NCBI gene%3BAcc:178821];gene_id=WBGene00003704;logic_name=wormbase
V	WormBase	gene	4322121	4325515	.	-	.	ID=gene:WBGene00003715;Name=nhr-125;biotype=protein_coding;description=Nuclear hormone receptor family member nhr-125 [Source:NCBI gene%3BAcc:187520];gene_id=WBGene00003715;logic_name=wormbase
V	WormBase	gene	4407819	4410280	.	+	.	ID=gene:WBGene00003708;Name=nhr-118;biotype=protein_coding;description=Nuclear Hormone Receptor family [Source:NCBI gene%3BAcc:184398];gene_id=WBGene00003708;logic_name=wormbase
V	WormBase	gene	4410943	4412401	.	+	.	ID=gene:WBGene00021617;Name=Y47D7A.3;biotype=protein_coding;description=NR LBD domain-containing protein [Source:NCBI gene%3BAcc:189981];gene_id=WBGene00021617;logic_name=wormbase
V	WormBase	gene	451451	453759	.	+	.	ID=gene:WBGene00003713;Name=nhr-123;biotype=protein_coding;description=Nuclear Hormone Receptor family [Source:NCBI gene%3BAcc:187411];gene_id=WBGene00003713;logic_name=wormbase
V	WormBase	gene	453869	457071	.	+	.	ID=gene:WBGene00003688;Name=nhr-98;biotype=protein_coding;description=NR LBD domain-containing protein%3B Nuclear hormone receptor family member nhr-98 [Source:NCBI gene%3BAcc:178568];gene_id=WBGene00003688;logic_name=wormbase
V	WormBase	gene	459795	461899	.	+	.	ID=gene:WBGene00019743;Name=nhr-203;biotype=protein_coding;description=Nuclear Hormone Receptor family [Source:NCBI gene%3BAcc:187410];gene_id=WBGene00019743;logic_name=wormbase
V	WormBase	gene	462588	464963	.	+	.	ID=gene:WBGene00019742;Name=nhr-202;biotype=protein_coding;description=NR LBD domain-containing protein [Source:NCBI gene%3BAcc:187409];gene_id=WBGene00019742;logic_name=wormbase
V	WormBase	gene	464828	467509	.	+	.	ID=gene:WBGene00019741;Name=nhr-201;biotype=protein_coding;description=Nuclear Hormone Receptor family [Source:NCBI gene%3BAcc:187408];gene_id=WBGene00019741;logic_name=wormbase
V	WormBase	gene	474778	477155	.	+	.	ID=gene:WBGene00003689;Name=nhr-99;biotype=protein_coding;description=Nuclear Hormone Receptor family [Source:NCBI gene%3BAcc:178569];gene_id=WBGene00003689;logic_name=wormbase
V	WormBase	gene	478162	480693	.	+	.	ID=gene:WBGene00003645;Name=nhr-55;biotype=protein_coding;description=Nuclear hormone receptor family member nhr-55 [Source:NCBI gene%3BAcc:178570];gene_id=WBGene00003645;logic_name=wormbase
V	WormBase	gene	480814	483339	.	-	.	ID=gene:WBGene00003720;Name=nhr-130;biotype=protein_coding;description=Nuclear hormone receptor family member nhr-130 [Source:NCBI gene%3BAcc:187965];gene_id=WBGene00003720;logic_name=wormbase
V	WormBase	gene	484857	486897	.	+	.	ID=gene:WBGene00020153;Name=nhr-212;biotype=protein_coding;description=Nuclear Hormone Receptor family [Source:NCBI gene%3BAcc:187964];gene_id=WBGene00020153;logic_name=wormbase
V	WormBase	gene	486984	489142	.	+	.	ID=gene:WBGene00020152;Name=nhr-211;biotype=protein_coding;description=Nuclear Hormone Receptor family [Source:NCBI gene%3BAcc:187963];gene_id=WBGene00020152;logic_name=wormbase
V	WormBase	gene	489620	491432	.	+	.	ID=gene:WBGene00003696;Name=nhr-106;biotype=protein_coding;description=Nuclear hormone receptor family member nhr-106 [Source:NCBI gene%3BAcc:178571];gene_id=WBGene00003696;logic_name=wormbase
V	WormBase	gene	494370	497297	.	+	.	ID=gene:WBGene00003721;Name=nhr-131;biotype=protein_coding;description=NR LBD domain-containing protein [Source:NCBI gene%3BAcc:187962];gene_id=WBGene00003721;logic_name=wormbase
V	WormBase	gene	517801	519545	.	-	.	ID=gene:WBGene00020015;Name=nhr-210;biotype=protein_coding;description=Nuclear Hormone Receptor family [Source:NCBI gene%3BAcc:187830];gene_id=WBGene00020015;logic_name=wormbase
V	WormBase	gene	532259	534070	.	+	.	ID=gene:WBGene00003648;Name=nhr-58;biotype=protein_coding;description=Nuclear Hormone Receptor family [Source:NCBI gene%3BAcc:178573];gene_id=WBGene00003648;logic_name=wormbase
V	WormBase	gene	534446	536247	.	+	.	ID=gene:WBGene00003722;Name=nhr-132;biotype=protein_coding;description=Nuclear Hormone Receptor family [Source:NCBI gene%3BAcc:187822];gene_id=WBGene00003722;logic_name=wormbase
V	WormBase	gene	5354053	5358872	.	-	.	ID=gene:WBGene00020385;Name=nhr-216;biotype=protein_coding;description=Nuclear Hormone Receptor family [Source:NCBI gene%3BAcc:188325];gene_id=WBGene00020385;logic_name=wormbase
V	WormBase	gene	539460	541485	.	+	.	ID=gene:WBGene00015758;Name=nhr-155;biotype=protein_coding;description=Nuclear Hormone Receptor family [Source:NCBI gene%3BAcc:182602];gene_id=WBGene00015758;logic_name=wormbase
V	WormBase	gene	5505253	5509956	.	+	.	ID=gene:WBGene00003637;Name=nhr-47;biotype=protein_coding;description=Nuclear hormone receptor family member nhr-47 [Source:NCBI gene%3BAcc:178933];gene_id=WBGene00003637;logic_name=wormbase
V	WormBase	gene	5785957	5790553	.	-	.	ID=gene:WBGene00018430;Name=nhr-142;biotype=protein_coding;description=Nuclear Hormone Receptor family [Source:NCBI gene%3BAcc:185740];gene_id=WBGene00018430;logic_name=wormbase
V	WormBase	gene	600531	602469	.	+	.	ID=gene:WBGene00022756;Name=nhr-251;biotype=protein_coding;description=Nuclear Hormone Receptor family [Source:NCBI gene%3BAcc:191329];gene_id=WBGene00022756;logic_name=wormbase
V	WormBase	gene	610512	612513	.	+	.	ID=gene:WBGene00003680;Name=nhr-90;biotype=protein_coding;description=Nuclear hormone receptor family member nhr-90 [Source:NCBI gene%3BAcc:178577];gene_id=WBGene00003680;logic_name=wormbase
V	WormBase	gene	640749	642924	.	-	.	ID=gene:WBGene00018622;Name=nhr-190;biotype=protein_coding;description=NR LBD domain-containing protein [Source:NCBI gene%3BAcc:185999];gene_id=WBGene00018622;logic_name=wormbase
V	WormBase	gene	6622194	6624799	.	+	.	ID=gene:WBGene00018412;Name=nhr-37;biotype=protein_coding;description=Nuclear Hormone Receptor family [Source:NCBI gene%3BAcc:185727];gene_id=WBGene00018412;logic_name=wormbase
V	WormBase	gene	665919	667510	.	-	.	ID=gene:WBGene00017961;Name=nhr-180;biotype=protein_coding;description=Nuclear Hormone Receptor family [Source:NCBI gene%3BAcc:185170];gene_id=WBGene00017961;logic_name=wormbase
V	WormBase	gene	6980587	6982913	.	-	.	ID=gene:WBGene00016364;Name=nhr-161;biotype=protein_coding;description=Nuclear Hormone Receptor family [Source:NCBI gene%3BAcc:183178];gene_id=WBGene00016364;logic_name=wormbase
V	WormBase	gene	6983371	6986043	.	-	.	ID=gene:WBGene00016368;Name=nhr-163;biotype=protein_coding;description=Nuclear receptor domain-containing protein [Source:NCBI gene%3BAcc:183182];gene_id=WBGene00016368;logic_name=wormbase
V	WormBase	gene	6986132	6987773	.	-	.	ID=gene:WBGene00016365;Name=nhr-139;biotype=protein_coding;description=Nuclear receptor domain-containing protein [Source:NCBI gene%3BAcc:183179];gene_id=WBGene00016365;logic_name=wormbase
V	WormBase	gene	6987864	6989676	.	-	.	ID=gene:WBGene00016366;Name=nhr-140;biotype=protein_coding;description=Nuclear Hormone Receptor family [Source:NCBI gene%3BAcc:3565647];gene_id=WBGene00016366;logic_name=wormbase
V	WormBase	gene	6990145	6991871	.	-	.	ID=gene:WBGene00016367;Name=nhr-162;biotype=protein_coding;description=Nuclear Hormone Receptor family [Source:NCBI gene%3BAcc:183181];gene_id=WBGene00016367;logic_name=wormbase
V	WormBase	gene	6995214	6997091	.	-	.	ID=gene:WBGene00003697;Name=nhr-107;biotype=protein_coding;description=Nuclear Hormone Receptor family [Source:NCBI gene%3BAcc:179083];gene_id=WBGene00003697;logic_name=wormbase
V	WormBase	gene	6998819	7000651	.	+	.	ID=gene:WBGene00003632;Name=nhr-42;biotype=protein_coding;description=Nuclear hormone receptor family member nhr-42 [Source:NCBI gene%3BAcc:179084];gene_id=WBGene00003632;logic_name=wormbase
V	WormBase	gene	7089471	7091610	.	-	.	ID=gene:WBGene00044699;Name=nhr-286;biotype=protein_coding;description=Nuclear Hormone Receptor family [Source:NCBI gene%3BAcc:4363091];gene_id=WBGene00044699;logic_name=wormbase
V	WormBase	gene	7091714	7093770	.	-	.	ID=gene:WBGene00003725;Name=nhr-135;biotype=protein_coding;description=Nuclear Hormone Receptor family [Source:NCBI gene%3BAcc:189066];gene_id=WBGene00003725;logic_name=wormbase
V	WormBase	gene	7340403	7342042	.	-	.	ID=gene:WBGene00017367;Name=nhr-263;biotype=protein_coding;description=Nuclear Hormone Receptor family [Source:NCBI gene%3BAcc:184318];gene_id=WBGene00017367;logic_name=wormbase
V	WormBase	gene	7342156	7343838	.	+	.	ID=gene:WBGene00015396;Name=nhr-148;biotype=protein_coding;description=Nuclear Hormone Receptor family [Source:NCBI gene%3BAcc:182172];gene_id=WBGene00015396;logic_name=wormbase
V	WormBase	gene	7345794	7348555	.	+	.	ID=gene:WBGene00015395;Name=nhr-147;biotype=protein_coding;description=Nuclear Hormone Receptor family [Source:NCBI gene%3BAcc:182170];gene_id=WBGene00015395;logic_name=wormbase
V	WormBase	gene	7348211	7349641	.	-	.	ID=gene:WBGene00015397;Name=nhr-149;biotype=protein_coding;description=NR LBD domain-containing protein [Source:NCBI gene%3BAcc:182174];gene_id=WBGene00015397;logic_name=wormbase
V	WormBase	gene	7444661	7446833	.	+	.	ID=gene:WBGene00017787;Name=nhr-141;biotype=protein_coding;description=Nuclear Hormone Receptor family [Source:NCBI gene%3BAcc:184926];gene_id=WBGene00017787;logic_name=wormbase
V	WormBase	gene	7508994	7510779	.	+	.	ID=gene:WBGene00016927;Name=nhr-172;biotype=protein_coding;description=Nuclear Hormone Receptor family [Source:NCBI gene%3BAcc:183808];gene_id=WBGene00016927;logic_name=wormbase
V	WormBase	gene	7511765	7513726	.	+	.	ID=gene:WBGene00016926;Name=nhr-171;biotype=protein_coding;description=Nuclear Hormone Receptor family [Source:NCBI gene%3BAcc:183807];gene_id=WBGene00016926;logic_name=wormbase
V	WormBase	gene	7684052	7686335	.	-	.	ID=gene:WBGene00003684;Name=nhr-94;biotype=protein_coding;description=NR LBD domain-containing protein [Source:NCBI gene%3BAcc:179149];gene_id=WBGene00003684;logic_name=wormbase
V	WormBase	gene	7686350	7688228	.	+	.	ID=gene:WBGene00015705;Name=nhr-152;biotype=protein_coding;description=Nuclear Hormone Receptor family [Source:NCBI gene%3BAcc:182533];gene_id=WBGene00015705;logic_name=wormbase
V	WormBase	gene	802546	804741	.	-	.	ID=gene:WBGene00020062;Name=nhr-270;biotype=protein_coding;description=Nuclear Hormone Receptor family [Source:NCBI gene%3BAcc:187867];gene_id=WBGene00020062;logic_name=wormbase
V	WormBase	gene	8961878	8964105	.	-	.	ID=gene:WBGene00003634;Name=nhr-44;biotype=protein_coding;description=Nuclear hormone receptor family member nhr-44 [Source:NCBI gene%3BAcc:179276];gene_id=WBGene00003634;logic_name=wormbase
V	WormBase	gene	8964662	8966186	.	-	.	ID=gene:WBGene00020555;Name=nhr-219;biotype=protein_coding;description=Nuclear Hormone Receptor family [Source:NCBI gene%3BAcc:3565145];gene_id=WBGene00020555;logic_name=wormbase
V	WormBase	gene	8970691	8972371	.	-	.	ID=gene:WBGene00019115;Name=nhr-195;biotype=protein_coding;description=NR LBD domain-containing protein [Source:NCBI gene%3BAcc:186625];gene_id=WBGene00019115;logic_name=wormbase
V	WormBase	gene	8973014	8974939	.	-	.	ID=gene:WBGene00019116;Name=nhr-143;biotype=protein_coding;description=Nuclear Hormone Receptor family [Source:NCBI gene%3BAcc:186626];gene_id=WBGene00019116;logic_name=wormbase
V	WormBase	gene	9045171	9046965	.	+	.	ID=gene:WBGene00016091;Name=nhr-30;biotype=protein_coding;description=Nuclear Hormone Receptor family [Source:NCBI gene%3BAcc:182887];gene_id=WBGene00016091;logic_name=wormbase
V	WormBase	gene	9258136	9261592	.	-	.	ID=gene:WBGene00017198;Name=nhr-36;biotype=protein_coding;description=Nuclear Hormone Receptor family [Source:NCBI gene%3BAcc:24104398];gene_id=WBGene00017198;logic_name=wormbase
V	WormBase	gene	9303326	9304622	.	+	.	ID=gene:WBGene00018404;Name=nhr-39;biotype=protein_coding;description=Nuclear Hormone Receptor family [Source:NCBI gene%3BAcc:185720];gene_id=WBGene00018404;logic_name=wormbase
X	WormBase	gene	10635908	10666875	.	+	.	ID=gene:WBGene00000908;Name=daf-12;biotype=protein_coding;description=Nuclear hormone receptor family member daf-12 [Source:NCBI gene%3BAcc:181263];gene_id=WBGene00000908;logic_name=wormbase
X	WormBase	gene	11980206	11982085	.	-	.	ID=gene:WBGene00008208;Name=nhr-167;biotype=protein_coding;description=Nuclear hormone receptor family member nhr-167 [Source:NCBI gene%3BAcc:183613];gene_id=WBGene00008208;logic_name=wormbase
X	WormBase	gene	12458979	12461657	.	-	.	ID=gene:WBGene00003854;Name=odr-7;biotype=protein_coding;description=Nuclear hormone receptor family member odr-7 [Source:NCBI gene%3BAcc:181403];gene_id=WBGene00003854;logic_name=wormbase
X	WormBase	gene	12663837	12667854	.	-	.	ID=gene:WBGene00003616;Name=nhr-17;biotype=protein_coding;description=Nuclear Hormone Receptor family [Source:NCBI gene%3BAcc:191719];gene_id=WBGene00003616;logic_name=wormbase
X	WormBase	gene	12695229	12700465	.	-	.	ID=gene:WBGene00011568;Name=nhr-26;biotype=protein_coding;description=Nuclear Hormone Receptor family [Source:NCBI gene%3BAcc:188212];gene_id=WBGene00011568;logic_name=wormbase
X	WormBase	gene	12700393	12702063	.	-	.	ID=gene:WBGene00011566;Name=nhr-214;biotype=protein_coding;description=Nuclear Hormone Receptor family [Source:NCBI gene%3BAcc:188210];gene_id=WBGene00011566;logic_name=wormbase
X	WormBase	gene	12703364	12704821	.	-	.	ID=gene:WBGene00011565;Name=nhr-272;biotype=protein_coding;description=Nuclear Hormone Receptor family [Source:NCBI gene%3BAcc:188209];gene_id=WBGene00011565;logic_name=wormbase
X	WormBase	gene	12705563	12808318	.	-	.	ID=gene:WBGene00008901;Name=nhr-27;biotype=protein_coding;description=Nuclear Hormone Receptor family [Source:NCBI gene%3BAcc:41656994];gene_id=WBGene00008901;logic_name=wormbase
X	WormBase	gene	13008493	13013964	.	+	.	ID=gene:WBGene00003623;Name=nhr-25;biotype=protein_coding;description=Nuclear hormone receptor family member nhr-25 [Source:NCBI gene%3BAcc:181432];gene_id=WBGene00003623;logic_name=wormbase
X	WormBase	gene	13251964	13256284	.	+	.	ID=gene:WBGene00003626;Name=nhr-32;biotype=protein_coding;description=Nuclear Hormone Receptor family [Source:NCBI gene%3BAcc:187178];gene_id=WBGene00003626;logic_name=wormbase
X	WormBase	gene	13747315	13751797	.	+	.	ID=gene:WBGene00003661;Name=nhr-71;biotype=protein_coding;description=Nuclear hormone receptor family member nhr-71 [Source:NCBI gene%3BAcc:181491];gene_id=WBGene00003661;logic_name=wormbase
X	WormBase	gene	14111263	14113447	.	-	.	ID=gene:WBGene00008884;Name=nhr-281;biotype=protein_coding;description=Nuclear Hormone Receptor family [Source:NCBI gene%3BAcc:184567];gene_id=WBGene00008884;logic_name=wormbase
X	WormBase	gene	14558504	14561432	.	+	.	ID=gene:WBGene00003602;Name=nhr-3;biotype=protein_coding;description=Nuclear hormone receptor family member nhr-3 [Source:NCBI gene%3BAcc:181551];gene_id=WBGene00003602;logic_name=wormbase
X	WormBase	gene	15309369	15314899	.	+	.	ID=gene:WBGene00003681;Name=nhr-91;biotype=protein_coding;description=Nuclear hormone receptor family member nhr-91 [Source:NCBI gene%3BAcc:181621];gene_id=WBGene00003681;logic_name=wormbase
X	WormBase	gene	15708213	15716875	.	+	.	ID=gene:WBGene00003638;Name=nhr-48;biotype=protein_coding;description=Nuclear hormone receptor family member nhr-48%3B Nuclear receptor domain-containing protein [Source:NCBI gene%3BAcc:181661];gene_id=WBGene00003638;logic_name=wormbase
X	WormBase	gene	15742610	15744298	.	+	.	ID=gene:WBGene00014068;Name=nhr-255;biotype=protein_coding;description=Nuclear Hormone Receptor family [Source:NCBI gene%3BAcc:191392];gene_id=WBGene00014068;logic_name=wormbase
X	WormBase	gene	16354976	16359650	.	+	.	ID=gene:WBGene00003624;Name=nhr-28;biotype=protein_coding;description=Nuclear hormone receptor family member nhr-28 [Source:NCBI gene%3BAcc:181705];gene_id=WBGene00003624;logic_name=wormbase
X	WormBase	gene	17514063	17528197	.	+	.	ID=gene:WBGene00003600;Name=nhr-1;biotype=protein_coding;description=Nuclear hormone receptor family member nhr-1%3B Nuclear receptor domain-containing protein [Source:NCBI gene%3BAcc:181783];gene_id=WBGene00003600;logic_name=wormbase
X	WormBase	gene	2594003	2606732	.	+	.	ID=gene:WBGene00003630;Name=nhr-40;biotype=protein_coding;description=Nuclear hormone receptor family member nhr-40 [Source:NCBI gene%3BAcc:180560];gene_id=WBGene00003630;logic_name=wormbase
X	WormBase	gene	3196064	3199349	.	-	.	ID=gene:WBGene00001400;Name=fax-1;biotype=protein_coding;description=Nuclear hormone receptor family member fax-1 [Source:NCBI gene%3BAcc:180609];gene_id=WBGene00001400;logic_name=wormbase
X	WormBase	gene	4532691	4537546	.	+	.	ID=gene:WBGene00003628;Name=nhr-35;biotype=protein_coding;description=Nuclear hormone receptor family member nhr-35 [Source:NCBI gene%3BAcc:180725];gene_id=WBGene00003628;logic_name=wormbase
X	WormBase	gene	4656433	4660318	.	-	.	ID=gene:WBGene00003635;Name=nhr-45;biotype=protein_coding;description=Nuclear Hormone Receptor family [Source:NCBI gene%3BAcc:180738];gene_id=WBGene00003635;logic_name=wormbase
X	WormBase	gene	6636561	6640620	.	-	.	ID=gene:WBGene00003710;Name=nhr-120;biotype=protein_coding;description=Nuclear Hormone Receptor family [Source:NCBI gene%3BAcc:182882];gene_id=WBGene00003710;logic_name=wormbase
X	WormBase	gene	6655528	6660376	.	+	.	ID=gene:WBGene00016975;Name=nhr-173;biotype=protein_coding;description=Nuclear Hormone Receptor family [Source:NCBI gene%3BAcc:183862];gene_id=WBGene00016975;logic_name=wormbase
X	WormBase	gene	6661772	6669011	.	-	.	ID=gene:WBGene00003727;Name=nhr-137;biotype=protein_coding;description=NR LBD domain-containing protein [Source:NCBI gene%3BAcc:183865];gene_id=WBGene00003727;logic_name=wormbase
X	WormBase	gene	8473722	8476178	.	-	.	ID=gene:WBGene00003613;Name=nhr-14;biotype=protein_coding;description=Nuclear hormone receptor family member nhr-14 [Source:NCBI gene%3BAcc:181102];gene_id=WBGene00003613;logic_name=wormbase
