I	WormBase	gene	10454189	10455678	.	-	.	ID=gene:WBGene00013721;Name=Y106G6H.9;biotype=protein_coding;description=F-box domain-containing protein [Source:NCBI gene%3BAcc:190927];gene_id=WBGene00013721;logic_name=wormbase
I	WormBase	gene	10488452	10489585	.	+	.	ID=gene:WBGene00009510;Name=F37D6.4;biotype=protein_coding;description=F-box domain-containing protein [Source:NCBI gene%3BAcc:185426];gene_id=WBGene00009510;logic_name=wormbase
I	WormBase	gene	10646478	10647841	.	+	.	ID=gene:WBGene00015229;Name=fbxa-125;biotype=protein_coding;description=FTH domain-containing protein [Source:NCBI gene%3BAcc:182016];gene_id=WBGene00015229;logic_name=wormbase
I	WormBase	gene	11012959	11014745	.	+	.	ID=gene:WBGene00077539;Name=Y52B11A.12;biotype=protein_coding;description=F-box domain-containing protein [Source:NCBI gene%3BAcc:13182023];gene_id=WBGene00077539;logic_name=wormbase
I	WormBase	gene	11355236	11356370	.	+	.	ID=gene:WBGene00003977;Name=pes-2.1;biotype=protein_coding;description=F-box domain-containing protein [Source:NCBI gene%3BAcc:173025];gene_id=WBGene00003977;logic_name=wormbase
I	WormBase	gene	11358078	11359305	.	-	.	ID=gene:WBGene00010158;Name=pes-2.2;biotype=protein_coding;description=F-box domain-containing protein [Source:NCBI gene%3BAcc:173026];gene_id=WBGene00010158;logic_name=wormbase
I	WormBase	gene	11718864	11719901	.	+	.	ID=gene:WBGene00009415;Name=F35E2.8;biotype=protein_coding;description=F-box domain-containing protein [Source:NCBI gene%3BAcc:185290];gene_id=WBGene00009415;logic_name=wormbase
I	WormBase	gene	11736581	11737699	.	-	.	ID=gene:WBGene00009410;Name=F35E2.2;biotype=protein_coding;description=F-box domain-containing protein [Source:NCBI gene%3BAcc:185285];gene_id=WBGene00009410;logic_name=wormbase
I	WormBase	gene	11815908	11819280	.	+	.	ID=gene:WBGene00011388;Name=T02G6.5;biotype=protein_coding;description=F-box domain-containing protein%3B FBA_2 domain-containing protein [Source:NCBI gene%3BAcc:173060];gene_id=WBGene00011388;logic_name=wormbase
I	WormBase	gene	11901660	11903310	.	+	.	ID=gene:WBGene00012953;Name=fbxa-216;biotype=protein_coding;description=F-box domain-containing protein [Source:NCBI gene%3BAcc:190001];gene_id=WBGene00012953;logic_name=wormbase
I	WormBase	gene	12335035	12336605	.	+	.	ID=gene:WBGene00008157;Name=C47F8.1;biotype=protein_coding;description=F-box domain-containing protein [Source:NCBI gene%3BAcc:173107];gene_id=WBGene00008157;logic_name=wormbase
I	WormBase	gene	12497438	12499409	.	-	.	ID=gene:WBGene00012107;Name=T27F6.8;biotype=protein_coding;description=F-box domain-containing protein [Source:NCBI gene%3BAcc:189005];gene_id=WBGene00012107;logic_name=wormbase
I	WormBase	gene	12657762	12659446	.	-	.	ID=gene:WBGene00012041;Name=T26E3.8;biotype=protein_coding;description=F-box domain-containing protein [Source:NCBI gene%3BAcc:173135];gene_id=WBGene00012041;logic_name=wormbase
I	WormBase	gene	12662812	12663833	.	-	.	ID=gene:WBGene00012038;Name=T26E3.5;biotype=protein_coding;description=F-box domain-containing protein [Source:NCBI gene%3BAcc:188923];gene_id=WBGene00012038;logic_name=wormbase
I	WormBase	gene	12958640	12959932	.	-	.	ID=gene:WBGene00008569;Name=fbxa-101;biotype=protein_coding;description=FTH domain-containing protein [Source:NCBI gene%3BAcc:173165];gene_id=WBGene00008569;logic_name=wormbase
I	WormBase	gene	12960313	12961619	.	-	.	ID=gene:WBGene00008130;Name=fbxa-140;biotype=protein_coding;description=F-box domain-containing protein [Source:NCBI gene%3BAcc:173166];gene_id=WBGene00008130;logic_name=wormbase
I	WormBase	gene	13152569	13153734	.	+	.	ID=gene:WBGene00009063;Name=F22G12.3;biotype=protein_coding;description=F-box domain-containing protein [Source:NCBI gene%3BAcc:184868];gene_id=WBGene00009063;logic_name=wormbase
I	WormBase	gene	13423997	13425148	.	-	.	ID=gene:WBGene00044066;Name=fbxb-66;biotype=protein_coding;description=F-box domain-containing protein [Source:NCBI gene%3BAcc:189784];gene_id=WBGene00044066;logic_name=wormbase
I	WormBase	gene	13844739	13846957	.	-	.	ID=gene:WBGene00012238;Name=W04A8.3;biotype=protein_coding;description=F-box domain-containing protein [Source:NCBI gene%3BAcc:173254];gene_id=WBGene00012238;logic_name=wormbase
I	WormBase	gene	13849501	13850893	.	-	.	ID=gene:WBGene00012240;Name=W04A8.5;biotype=protein_coding;description=F-box domain-containing protein [Source:NCBI gene%3BAcc:173255];gene_id=WBGene00012240;logic_name=wormbase
I	WormBase	gene	14083045	14084207	.	-	.	ID=gene:WBGene00013408;Name=fbxb-93;biotype=protein_coding;description=F-box domain-containing protein [Source:NCBI gene%3BAcc:190471];gene_id=WBGene00013408;logic_name=wormbase
I	WormBase	gene	14084512	14085525	.	+	.	ID=gene:WBGene00013409;Name=fbxb-56;biotype=protein_coding;description=F-box domain-containing protein [Source:NCBI gene%3BAcc:173274];gene_id=WBGene00013409;logic_name=wormbase
I	WormBase	gene	14088087	14089858	.	+	.	ID=gene:WBGene00013404;Name=fbxb-101;biotype=protein_coding;description=FBA_2 domain-containing protein [Source:NCBI gene%3BAcc:190470];gene_id=WBGene00013404;logic_name=wormbase
I	WormBase	gene	14090730	14096348	.	-	.	ID=gene:WBGene00013403;Name=fbxb-100;biotype=protein_coding;description=FBA_2 domain-containing protein [Source:NCBI gene%3BAcc:173275];gene_id=WBGene00013403;logic_name=wormbase
I	WormBase	gene	14283470	14285325	.	-	.	ID=gene:WBGene00008613;Name=fbxb-69;biotype=protein_coding;description=FBA_2 domain-containing protein [Source:NCBI gene%3BAcc:184229];gene_id=WBGene00008613;logic_name=wormbase
I	WormBase	gene	14285934	14287089	.	-	.	ID=gene:WBGene00008611;Name=fbxb-68;biotype=protein_coding;description=FBA_2 domain-containing protein [Source:NCBI gene%3BAcc:184227];gene_id=WBGene00008611;logic_name=wormbase
I	WormBase	gene	14287826	14295954	.	-	.	ID=gene:WBGene00008612;Name=fbxa-103;biotype=protein_coding;description=F-box domain-containing protein [Source:NCBI gene%3BAcc:184228];gene_id=WBGene00008612;logic_name=wormbase
I	WormBase	gene	14297287	14298325	.	+	.	ID=gene:WBGene00009862;Name=fbxb-67;biotype=protein_coding;description=F-box domain-containing protein [Source:NCBI gene%3BAcc:186009];gene_id=WBGene00009862;logic_name=wormbase
I	WormBase	gene	14298755	14299780	.	+	.	ID=gene:WBGene00009861;Name=fbxb-8;biotype=protein_coding;description=F-box B protein [Source:NCBI gene%3BAcc:173295];gene_id=WBGene00009861;logic_name=wormbase
I	WormBase	gene	14955636	14957097	.	-	.	ID=gene:WBGene00014149;Name=fbxb-70;biotype=protein_coding;description=FBA_2 domain-containing protein [Source:NCBI gene%3BAcc:191462];gene_id=WBGene00014149;logic_name=wormbase
I	WormBase	gene	4679665	4682856	.	+	.	ID=gene:WBGene00020212;Name=T04D1.2;biotype=protein_coding;description=F-box domain-containing protein [Source:NCBI gene%3BAcc:188058];gene_id=WBGene00020212;logic_name=wormbase
I	WormBase	gene	5319712	5321151	.	+	.	ID=gene:WBGene00018595;Name=fbxa-145;biotype=protein_coding;description=F-box domain-containing protein [Source:NCBI gene%3BAcc:185972];gene_id=WBGene00018595;logic_name=wormbase
I	WormBase	gene	5616598	5618551	.	-	.	ID=gene:WBGene00018509;Name=xrep-4;biotype=protein_coding;description=F-box domain-containing protein [Source:NCBI gene%3BAcc:172218];gene_id=WBGene00018509;logic_name=wormbase
I	WormBase	gene	6545110	6546593	.	+	.	ID=gene:WBGene00020411;Name=T10E9.1;biotype=protein_coding;description=F-box domain-containing protein [Source:NCBI gene%3BAcc:172366];gene_id=WBGene00020411;logic_name=wormbase
I	WormBase	gene	8779731	8785415	.	-	.	ID=gene:WBGene00008439;Name=mfb-1;biotype=protein_coding;description=F-box domain-containing protein [Source:NCBI gene%3BAcc:183975];gene_id=WBGene00008439;logic_name=wormbase
I	WormBase	gene	9650499	9652946	.	+	.	ID=gene:WBGene00011497;Name=T05F1.13;biotype=protein_coding;description=F-box domain-containing protein [Source:NCBI gene%3BAcc:353385];gene_id=WBGene00011497;logic_name=wormbase
II	WormBase	gene	1000442	1001451	.	-	.	ID=gene:WBGene00018458;Name=fbxb-30;biotype=protein_coding;description=FBA_2 domain-containing protein [Source:NCBI gene%3BAcc:185787];gene_id=WBGene00018458;logic_name=wormbase
II	WormBase	gene	10236936	10239695	.	-	.	ID=gene:WBGene00003177;Name=mec-15;biotype=protein_coding;description=F-box/WD repeat-containing protein mec-15 [Source:NCBI gene%3BAcc:174587];gene_id=WBGene00003177;logic_name=wormbase
II	WormBase	gene	1039697	1040564	.	-	.	ID=gene:WBGene00019702;Name=fbxb-39;biotype=protein_coding;description=F-box domain-containing protein [Source:NCBI gene%3BAcc:187366];gene_id=WBGene00019702;logic_name=wormbase
II	WormBase	gene	1041318	1042327	.	-	.	ID=gene:WBGene00019703;Name=fbxb-41;biotype=protein_coding;description=F-box domain-containing protein [Source:NCBI gene%3BAcc:173484];gene_id=WBGene00019703;logic_name=wormbase
II	WormBase	gene	1042937	1044032	.	-	.	ID=gene:WBGene00019705;Name=fbxb-45;biotype=protein_coding;description=F-box domain-containing protein [Source:NCBI gene%3BAcc:173485];gene_id=WBGene00019705;logic_name=wormbase
II	WormBase	gene	1048845	1049949	.	-	.	ID=gene:WBGene00019704;Name=fbxb-40;biotype=protein_coding;description=FBA_2 domain-containing protein [Source:NCBI gene%3BAcc:173487];gene_id=WBGene00019704;logic_name=wormbase
II	WormBase	gene	11542636	11544828	.	-	.	ID=gene:WBGene00010053;Name=F54D5.9;biotype=protein_coding;description=F-box domain-containing protein [Source:NCBI gene%3BAcc:174766];gene_id=WBGene00010053;logic_name=wormbase
II	WormBase	gene	11681774	11682881	.	+	.	ID=gene:WBGene00008138;Name=C47D12.4;biotype=protein_coding;description=F-box domain-containing protein [Source:NCBI gene%3BAcc:183548];gene_id=WBGene00008138;logic_name=wormbase
II	WormBase	gene	12025887	12027747	.	-	.	ID=gene:WBGene00012462;Name=Y17G7B.8;biotype=protein_coding;description=F-box domain-containing protein [Source:NCBI gene%3BAcc:189455];gene_id=WBGene00012462;logic_name=wormbase
II	WormBase	gene	12462544	12464078	.	+	.	ID=gene:WBGene00008838;Name=F15A4.2;biotype=protein_coding;description=F-box domain-containing protein [Source:NCBI gene%3BAcc:184511];gene_id=WBGene00008838;logic_name=wormbase
II	WormBase	gene	12482922	12484286	.	+	.	ID=gene:WBGene00008847;Name=fbxb-102;biotype=protein_coding;description=FBA_2 domain-containing protein [Source:NCBI gene%3BAcc:184516];gene_id=WBGene00008847;logic_name=wormbase
II	WormBase	gene	12752783	12753825	.	-	.	ID=gene:WBGene00044164;Name=Y46G5A.39;biotype=protein_coding;description=F-box domain-containing protein [Source:NCBI gene%3BAcc:3565134];gene_id=WBGene00044164;logic_name=wormbase
II	WormBase	gene	12755148	12756332	.	-	.	ID=gene:WBGene00012899;Name=Y46G5A.7;biotype=protein_coding;description=F-box domain-containing protein [Source:NCBI gene%3BAcc:174904];gene_id=WBGene00012899;logic_name=wormbase
II	WormBase	gene	12756338	12757677	.	+	.	ID=gene:WBGene00012900;Name=Y46G5A.8;biotype=protein_coding;description=F-box domain-containing protein [Source:NCBI gene%3BAcc:174905];gene_id=WBGene00012900;logic_name=wormbase
II	WormBase	gene	13595003	13596555	.	-	.	ID=gene:WBGene00013009;Name=fbxc-23;biotype=protein_coding;description=F-box C protein [Source:NCBI gene%3BAcc:190029];gene_id=WBGene00013009;logic_name=wormbase
II	WormBase	gene	13641489	13643823	.	+	.	ID=gene:WBGene00007837;Name=fbxa-167;biotype=protein_coding;description=F-box domain-containing protein [Source:NCBI gene%3BAcc:183082];gene_id=WBGene00007837;logic_name=wormbase
II	WormBase	gene	13648530	13654584	.	+	.	ID=gene:WBGene00045289;Name=fbxa-169;biotype=protein_coding;description=F-box domain-containing protein [Source:NCBI gene%3BAcc:6418621];gene_id=WBGene00045289;logic_name=wormbase
II	WormBase	gene	15129385	15130612	.	-	.	ID=gene:WBGene00219491;Name=Y53F4B.62;biotype=protein_coding;description=F-box domain-containing protein [Source:NCBI gene%3BAcc:24105148];gene_id=WBGene00219491;logic_name=wormbase
II	WormBase	gene	1536231	1537306	.	+	.	ID=gene:WBGene00021774;Name=fbxb-43;biotype=protein_coding;description=F-box domain-containing protein [Source:NCBI gene%3BAcc:173528];gene_id=WBGene00021774;logic_name=wormbase
II	WormBase	gene	1537621	1538665	.	+	.	ID=gene:WBGene00021773;Name=fbxb-42;biotype=protein_coding;description=F-box domain-containing protein [Source:NCBI gene%3BAcc:190167];gene_id=WBGene00021773;logic_name=wormbase
II	WormBase	gene	1538889	1539899	.	+	.	ID=gene:WBGene00019416;Name=fbxb-44;biotype=protein_coding;description=F-box domain-containing protein [Source:NCBI gene%3BAcc:187035];gene_id=WBGene00019416;logic_name=wormbase
II	WormBase	gene	1543482	1545415	.	+	.	ID=gene:WBGene00019415;Name=K05F6.4;biotype=protein_coding;description=F-box domain-containing protein [Source:NCBI gene%3BAcc:187034];gene_id=WBGene00019415;logic_name=wormbase
II	WormBase	gene	1545925	1547038	.	+	.	ID=gene:WBGene00045486;Name=K05F6.12;biotype=protein_coding;description=F-box domain-containing protein [Source:NCBI gene%3BAcc:6418628];gene_id=WBGene00045486;logic_name=wormbase
II	WormBase	gene	1548938	1550601	.	-	.	ID=gene:WBGene00019417;Name=fbxb-52;biotype=protein_coding;description=F-box domain-containing protein [Source:NCBI gene%3BAcc:187036];gene_id=WBGene00019417;logic_name=wormbase
II	WormBase	gene	1550712	1551803	.	+	.	ID=gene:WBGene00019414;Name=fbxb-51;biotype=protein_coding;description=FBA_2 domain-containing protein [Source:NCBI gene%3BAcc:187033];gene_id=WBGene00019414;logic_name=wormbase
II	WormBase	gene	1555213	1556317	.	-	.	ID=gene:WBGene00019418;Name=fbxb-54;biotype=protein_coding;description=F-box domain-containing protein [Source:NCBI gene%3BAcc:173529];gene_id=WBGene00019418;logic_name=wormbase
II	WormBase	gene	1556443	1557510	.	+	.	ID=gene:WBGene00019413;Name=fbxb-50;biotype=protein_coding;description=F-box domain-containing protein [Source:NCBI gene%3BAcc:187032];gene_id=WBGene00019413;logic_name=wormbase
II	WormBase	gene	1562163	1562869	.	+	.	ID=gene:WBGene00219239;Name=K05F6.14;biotype=protein_coding;description=F-box domain-containing protein [Source:NCBI gene%3BAcc:13183656];gene_id=WBGene00219239;logic_name=wormbase
II	WormBase	gene	1567324	1567746	.	-	.	ID=gene:WBGene00019419;Name=K05F6.8;biotype=protein_coding;description=F-box domain-containing protein [Source:NCBI gene%3BAcc:187037];gene_id=WBGene00019419;logic_name=wormbase
II	WormBase	gene	1568514	1569600	.	+	.	ID=gene:WBGene00019412;Name=fbxb-49;biotype=protein_coding;description=F-box domain-containing protein [Source:NCBI gene%3BAcc:187031];gene_id=WBGene00019412;logic_name=wormbase
II	WormBase	gene	1570043	1571132	.	-	.	ID=gene:WBGene00019420;Name=fbxb-46;biotype=protein_coding;description=F-box domain-containing protein [Source:NCBI gene%3BAcc:187038];gene_id=WBGene00019420;logic_name=wormbase
II	WormBase	gene	1609252	1610730	.	-	.	ID=gene:WBGene00015598;Name=fbxa-163;biotype=protein_coding;description=F-box domain-containing protein [Source:NCBI gene%3BAcc:182398];gene_id=WBGene00015598;logic_name=wormbase
II	WormBase	gene	1612788	1614072	.	-	.	ID=gene:WBGene00015599;Name=fbxa-164;biotype=protein_coding;description=F-box domain-containing protein [Source:NCBI gene%3BAcc:182399];gene_id=WBGene00015599;logic_name=wormbase
II	WormBase	gene	1614689	1616482	.	-	.	ID=gene:WBGene00015600;Name=fbxa-165;biotype=protein_coding;description=F-box domain-containing protein [Source:NCBI gene%3BAcc:182400];gene_id=WBGene00015600;logic_name=wormbase
II	WormBase	gene	1616829	1619048	.	-	.	ID=gene:WBGene00015601;Name=fbxa-166;biotype=protein_coding;description=F-box A protein [Source:NCBI gene%3BAcc:182401];gene_id=WBGene00015601;logic_name=wormbase
II	WormBase	gene	1619814	1621280	.	-	.	ID=gene:WBGene00015602;Name=fbxa-158;biotype=protein_coding;description=F-box domain-containing protein [Source:NCBI gene%3BAcc:182402];gene_id=WBGene00015602;logic_name=wormbase
II	WormBase	gene	1623907	1624672	.	-	.	ID=gene:WBGene00015604;Name=fbxa-160;biotype=protein_coding;description=FTH domain-containing protein [Source:NCBI gene%3BAcc:182404];gene_id=WBGene00015604;logic_name=wormbase
II	WormBase	gene	1647908	1648868	.	-	.	ID=gene:WBGene00022558;Name=fbxb-21;biotype=protein_coding;description=F-box domain-containing protein [Source:NCBI gene%3BAcc:191112];gene_id=WBGene00022558;logic_name=wormbase
II	WormBase	gene	1649138	1650602	.	-	.	ID=gene:WBGene00022559;Name=fbxb-20;biotype=protein_coding;description=F-box domain-containing protein [Source:NCBI gene%3BAcc:191113];gene_id=WBGene00022559;logic_name=wormbase
II	WormBase	gene	1650595	1651904	.	-	.	ID=gene:WBGene00022560;Name=fbxb-16;biotype=protein_coding;description=F-box domain-containing protein [Source:NCBI gene%3BAcc:191114];gene_id=WBGene00022560;logic_name=wormbase
II	WormBase	gene	1652455	1653497	.	-	.	ID=gene:WBGene00022557;Name=fbxb-15;biotype=protein_coding;description=F-box domain-containing protein [Source:NCBI gene%3BAcc:173535];gene_id=WBGene00022557;logic_name=wormbase
II	WormBase	gene	1676388	1677439	.	+	.	ID=gene:WBGene00019037;Name=fbxb-17;biotype=protein_coding;description=FBA_2 domain-containing protein [Source:NCBI gene%3BAcc:186510];gene_id=WBGene00019037;logic_name=wormbase
II	WormBase	gene	1682518	1683655	.	+	.	ID=gene:WBGene00019035;Name=fbxb-26;biotype=protein_coding;description=FBA_2 domain-containing protein [Source:NCBI gene%3BAcc:186508];gene_id=WBGene00019035;logic_name=wormbase
II	WormBase	gene	1684042	1685088	.	+	.	ID=gene:WBGene00019034;Name=fbxb-25;biotype=protein_coding;description=FBA_2 domain-containing protein [Source:NCBI gene%3BAcc:186507];gene_id=WBGene00019034;logic_name=wormbase
II	WormBase	gene	1686787	1688913	.	-	.	ID=gene:WBGene00019039;Name=fbxb-18;biotype=protein_coding;description=FBA_2 domain-containing protein [Source:NCBI gene%3BAcc:186513];gene_id=WBGene00019039;logic_name=wormbase
II	WormBase	gene	1688181	1689181	.	-	.	ID=gene:WBGene00019040;Name=fbxb-19;biotype=protein_coding;description=F-box domain-containing protein [Source:NCBI gene%3BAcc:186514];gene_id=WBGene00019040;logic_name=wormbase
II	WormBase	gene	1689698	1691111	.	-	.	ID=gene:WBGene00019041;Name=fbxc-22;biotype=protein_coding;description=F-box C protein [Source:NCBI gene%3BAcc:173538];gene_id=WBGene00019041;logic_name=wormbase
II	WormBase	gene	1691513	1692927	.	-	.	ID=gene:WBGene00019042;Name=fbxc-21;biotype=protein_coding;description=F-box C protein [Source:NCBI gene%3BAcc:186515];gene_id=WBGene00019042;logic_name=wormbase
II	WormBase	gene	1693197	1694630	.	-	.	ID=gene:WBGene00019043;Name=fbxc-26;biotype=protein_coding;description=F-box C protein [Source:NCBI gene%3BAcc:186516];gene_id=WBGene00019043;logic_name=wormbase
II	WormBase	gene	1702382	1703463	.	-	.	ID=gene:WBGene00019045;Name=fbxb-47;biotype=protein_coding;description=F-box domain-containing protein [Source:NCBI gene%3BAcc:186518];gene_id=WBGene00019045;logic_name=wormbase
II	WormBase	gene	1710259	1711417	.	+	.	ID=gene:WBGene00018439;Name=fbxa-184;biotype=protein_coding;description=F-box domain-containing protein [Source:NCBI gene%3BAcc:185770];gene_id=WBGene00018439;logic_name=wormbase
II	WormBase	gene	1718118	1719253	.	-	.	ID=gene:WBGene00018444;Name=fbxb-48;biotype=protein_coding;description=F-box domain-containing protein [Source:NCBI gene%3BAcc:185775];gene_id=WBGene00018444;logic_name=wormbase
II	WormBase	gene	1720953	1722494	.	-	.	ID=gene:WBGene00018445;Name=fbxb-5;biotype=protein_coding;description=F-box domain-containing protein [Source:NCBI gene%3BAcc:185776];gene_id=WBGene00018445;logic_name=wormbase
II	WormBase	gene	1724614	1725693	.	+	.	ID=gene:WBGene00018436;Name=fbxb-11;biotype=protein_coding;description=F-box domain-containing protein [Source:NCBI gene%3BAcc:185769];gene_id=WBGene00018436;logic_name=wormbase
II	WormBase	gene	1748341	1750513	.	-	.	ID=gene:WBGene00206519;Name=F36H5.13;biotype=protein_coding;description=F-box domain-containing protein [Source:NCBI gene%3BAcc:13183734];gene_id=WBGene00206519;logic_name=wormbase
II	WormBase	gene	1749587	1750686	.	-	.	ID=gene:WBGene00018106;Name=F36H5.8;biotype=protein_coding;description=F-box domain-containing protein [Source:NCBI gene%3BAcc:185386];gene_id=WBGene00018106;logic_name=wormbase
II	WormBase	gene	1752749	1753090	.	-	.	ID=gene:WBGene00018107;Name=F36H5.9;biotype=protein_coding;description=F-box domain-containing protein [Source:NCBI gene%3BAcc:185387];gene_id=WBGene00018107;logic_name=wormbase
II	WormBase	gene	1755696	1756172	.	-	.	ID=gene:WBGene00270293;Name=F36H5.17;biotype=protein_coding;description=F-box domain-containing protein [Source:NCBI gene%3BAcc:28661649];gene_id=WBGene00270293;logic_name=wormbase
II	WormBase	gene	1756882	1759452	.	+	.	ID=gene:WBGene00018104;Name=fbxb-53;biotype=protein_coding;description=FBA_2 domain-containing protein [Source:NCBI gene%3BAcc:43578480];gene_id=WBGene00018104;logic_name=wormbase
II	WormBase	gene	1788277	1790218	.	+	.	ID=gene:WBGene00015607;Name=fbxb-13;biotype=protein_coding;description=F-box domain-containing protein [Source:NCBI gene%3BAcc:182411];gene_id=WBGene00015607;logic_name=wormbase
II	WormBase	gene	1817271	1818400	.	-	.	ID=gene:WBGene00020362;Name=fbxb-10;biotype=protein_coding;description=F-box domain-containing protein [Source:NCBI gene%3BAcc:188288];gene_id=WBGene00020362;logic_name=wormbase
II	WormBase	gene	1818889	1820874	.	-	.	ID=gene:WBGene00020363;Name=fbxa-3;biotype=protein_coding;description=F-box domain-containing protein [Source:NCBI gene%3BAcc:188289];gene_id=WBGene00020363;logic_name=wormbase
II	WormBase	gene	1820479	1823039	.	+	.	ID=gene:WBGene00020361;Name=fbxc-19;biotype=protein_coding;description=F-box C protein [Source:NCBI gene%3BAcc:173551];gene_id=WBGene00020361;logic_name=wormbase
II	WormBase	gene	1846977	1848161	.	-	.	ID=gene:WBGene00016885;Name=fbxb-97;biotype=protein_coding;description=FBA_2 domain-containing protein [Source:NCBI gene%3BAcc:183726];gene_id=WBGene00016885;logic_name=wormbase
II	WormBase	gene	1849361	1850399	.	-	.	ID=gene:WBGene00016886;Name=fbxb-96;biotype=protein_coding;description=F-box domain-containing protein [Source:NCBI gene%3BAcc:259420];gene_id=WBGene00016886;logic_name=wormbase
II	WormBase	gene	1854394	1855365	.	+	.	ID=gene:WBGene00016880;Name=fbxb-95;biotype=protein_coding;description=F-box domain-containing protein [Source:NCBI gene%3BAcc:183723];gene_id=WBGene00016880;logic_name=wormbase
II	WormBase	gene	1862634	1863782	.	+	.	ID=gene:WBGene00015830;Name=fbxb-98;biotype=protein_coding;description=F-box domain-containing protein [Source:NCBI gene%3BAcc:182660];gene_id=WBGene00015830;logic_name=wormbase
II	WormBase	gene	2051672	2052747	.	+	.	ID=gene:WBGene00017208;Name=fbxb-35;biotype=protein_coding;description=F-box domain-containing protein [Source:NCBI gene%3BAcc:173563];gene_id=WBGene00017208;logic_name=wormbase
II	WormBase	gene	2060140	2064089	.	-	.	ID=gene:WBGene00304173;Name=F07E5.13;biotype=protein_coding;description=F-box domain-containing protein [Source:NCBI gene%3BAcc:39010806];gene_id=WBGene00304173;logic_name=wormbase
II	WormBase	gene	2064797	2065870	.	+	.	ID=gene:WBGene00017207;Name=fbxb-6;biotype=protein_coding;description=FBA_2 domain-containing protein [Source:NCBI gene%3BAcc:184141];gene_id=WBGene00017207;logic_name=wormbase
II	WormBase	gene	2084129	2085213	.	+	.	ID=gene:WBGene00020534;Name=fbxc-49;biotype=protein_coding;description=F-box C protein [Source:NCBI gene%3BAcc:188543];gene_id=WBGene00020534;logic_name=wormbase
II	WormBase	gene	2092578	2093876	.	-	.	ID=gene:WBGene00020537;Name=fbxb-37;biotype=protein_coding;description=FBA_2 domain-containing protein [Source:NCBI gene%3BAcc:188547];gene_id=WBGene00020537;logic_name=wormbase
II	WormBase	gene	2167691	2168763	.	-	.	ID=gene:WBGene00016337;Name=fbxb-38;biotype=protein_coding;description=FBA_2 domain-containing protein [Source:NCBI gene%3BAcc:183152];gene_id=WBGene00016337;logic_name=wormbase
II	WormBase	gene	2294645	2296265	.	-	.	ID=gene:WBGene00019591;Name=fbxc-25;biotype=protein_coding;description=F-box C protein [Source:NCBI gene%3BAcc:187235];gene_id=WBGene00019591;logic_name=wormbase
II	WormBase	gene	2409633	2412749	.	-	.	ID=gene:WBGene00018353;Name=fbxa-182;biotype=protein_coding;description=FTH domain-containing protein [Source:NCBI gene%3BAcc:173594];gene_id=WBGene00018353;logic_name=wormbase
II	WormBase	gene	2414123	2415531	.	-	.	ID=gene:WBGene00044672;Name=fbxa-4;biotype=protein_coding;description=F-box domain-containing protein [Source:NCBI gene%3BAcc:4363036];gene_id=WBGene00044672;logic_name=wormbase
II	WormBase	gene	2419136	2420793	.	+	.	ID=gene:WBGene00018352;Name=fbxc-20;biotype=protein_coding;description=F-box C protein [Source:NCBI gene%3BAcc:173595];gene_id=WBGene00018352;logic_name=wormbase
II	WormBase	gene	2679524	2681218	.	-	.	ID=gene:WBGene00018021;Name=F34D6.1;biotype=protein_coding;description=F-box domain-containing protein [Source:NCBI gene%3BAcc:173612];gene_id=WBGene00018021;logic_name=wormbase
II	WormBase	gene	2758772	2761909	.	+	.	ID=gene:WBGene00017912;Name=fbxb-107;biotype=protein_coding;description=FBA_2 domain-containing protein [Source:NCBI gene%3BAcc:173619];gene_id=WBGene00017912;logic_name=wormbase
II	WormBase	gene	2762408	2763507	.	+	.	ID=gene:WBGene00017911;Name=fbxb-106;biotype=protein_coding;description=F-box domain-containing protein%3B FBA_2 domain-containing protein [Source:NCBI gene%3BAcc:173620];gene_id=WBGene00017911;logic_name=wormbase
II	WormBase	gene	2764964	2766046	.	+	.	ID=gene:WBGene00017249;Name=fbxb-108;biotype=protein_coding;description=F-box domain-containing protein [Source:NCBI gene%3BAcc:184177];gene_id=WBGene00017249;logic_name=wormbase
II	WormBase	gene	2769509	2770888	.	-	.	ID=gene:WBGene00017251;Name=fbxb-105;biotype=protein_coding;description=F-box domain-containing protein [Source:NCBI gene%3BAcc:184178];gene_id=WBGene00017251;logic_name=wormbase
II	WormBase	gene	2773926	2775004	.	-	.	ID=gene:WBGene00017254;Name=fbxb-111;biotype=protein_coding;description=F-box B protein [Source:NCBI gene%3BAcc:173623];gene_id=WBGene00017254;logic_name=wormbase
II	WormBase	gene	3168757	3170189	.	-	.	ID=gene:WBGene00021297;Name=fbxc-55;biotype=protein_coding;description=F-box C protein [Source:NCBI gene%3BAcc:189559];gene_id=WBGene00021297;logic_name=wormbase
II	WormBase	gene	31719	33611	.	+	.	ID=gene:WBGene00017744;Name=fbxc-54;biotype=protein_coding;description=F-box C protein [Source:NCBI gene%3BAcc:184901];gene_id=WBGene00017744;logic_name=wormbase
II	WormBase	gene	3246316	3248123	.	-	.	ID=gene:WBGene00015912;Name=fbxc-50;biotype=protein_coding;description=F-box C protein [Source:NCBI gene%3BAcc:173669];gene_id=WBGene00015912;logic_name=wormbase
II	WormBase	gene	3343731	3344967	.	-	.	ID=gene:WBGene00017461;Name=bath-28;biotype=protein_coding;description=F-box domain-containing protein [Source:NCBI gene%3BAcc:259426];gene_id=WBGene00017461;logic_name=wormbase
II	WormBase	gene	3475630	3477271	.	-	.	ID=gene:WBGene00021719;Name=fbxb-104;biotype=protein_coding;description=FBA_2 domain-containing protein [Source:NCBI gene%3BAcc:173692];gene_id=WBGene00021719;logic_name=wormbase
II	WormBase	gene	3491097	3492583	.	+	.	ID=gene:WBGene00021716;Name=fbxb-112;biotype=protein_coding;description=F-box B protein [Source:NCBI gene%3BAcc:190079];gene_id=WBGene00021716;logic_name=wormbase
II	WormBase	gene	3637805	3639338	.	-	.	ID=gene:WBGene00019797;Name=fbxb-31;biotype=protein_coding;description=F-box B protein [Source:NCBI gene%3BAcc:187482];gene_id=WBGene00019797;logic_name=wormbase
II	WormBase	gene	3647411	3648685	.	+	.	ID=gene:WBGene00044314;Name=fbxb-33;biotype=protein_coding;description=F-box domain-containing protein [Source:NCBI gene%3BAcc:3565241];gene_id=WBGene00044314;logic_name=wormbase
II	WormBase	gene	3711291	3713047	.	+	.	ID=gene:WBGene00016711;Name=fbxc-53;biotype=protein_coding;description=F-box C protein [Source:NCBI gene%3BAcc:173714];gene_id=WBGene00016711;logic_name=wormbase
II	WormBase	gene	3717261	3719764	.	+	.	ID=gene:WBGene00016710;Name=fbxc-52;biotype=protein_coding;description=F-box C protein [Source:NCBI gene%3BAcc:173715];gene_id=WBGene00016710;logic_name=wormbase
II	WormBase	gene	3746428	3747505	.	-	.	ID=gene:WBGene00044693;Name=fbxb-92;biotype=protein_coding;description=F-box domain-containing protein [Source:NCBI gene%3BAcc:4363025];gene_id=WBGene00044693;logic_name=wormbase
II	WormBase	gene	3747747	3748819	.	-	.	ID=gene:WBGene00044694;Name=fbxb-90;biotype=protein_coding;description=F-box domain-containing protein [Source:NCBI gene%3BAcc:4363043];gene_id=WBGene00044694;logic_name=wormbase
II	WormBase	gene	3749061	3750785	.	-	.	ID=gene:WBGene00044692;Name=fbxb-91;biotype=protein_coding;description=F-box domain-containing protein [Source:NCBI gene%3BAcc:4363024];gene_id=WBGene00044692;logic_name=wormbase
II	WormBase	gene	3751261	3752284	.	-	.	ID=gene:WBGene00017408;Name=sdz-11;biotype=protein_coding;description=F-box domain-containing protein [Source:NCBI gene%3BAcc:173719];gene_id=WBGene00017408;logic_name=wormbase
II	WormBase	gene	3792129	3793436	.	-	.	ID=gene:WBGene00021174;Name=fbxb-99;biotype=protein_coding;description=F-box domain-containing protein [Source:NCBI gene%3BAcc:189402];gene_id=WBGene00021174;logic_name=wormbase
II	WormBase	gene	3816526	3818238	.	+	.	ID=gene:WBGene00018803;Name=fbxa-24;biotype=protein_coding;description=FTH domain-containing protein [Source:NCBI gene%3BAcc:173727];gene_id=WBGene00018803;logic_name=wormbase
II	WormBase	gene	3907140	3908516	.	+	.	ID=gene:WBGene00018746;Name=fbxb-103;biotype=protein_coding;description=F-box B protein [Source:NCBI gene%3BAcc:186158];gene_id=WBGene00018746;logic_name=wormbase
II	WormBase	gene	4062986	4064097	.	-	.	ID=gene:WBGene00021054;Name=fbxb-118;biotype=protein_coding;description=FBA_2 domain-containing protein [Source:NCBI gene%3BAcc:189234];gene_id=WBGene00021054;logic_name=wormbase
II	WormBase	gene	419170	423186	.	-	.	ID=gene:WBGene00016077;Name=C24H12.8;biotype=protein_coding;description=F-box domain-containing protein [Source:NCBI gene%3BAcc:182870];gene_id=WBGene00016077;logic_name=wormbase
II	WormBase	gene	4211413	4213452	.	+	.	ID=gene:WBGene00206414;Name=F31D5.7;biotype=protein_coding;description=F-box domain-containing protein [Source:NCBI gene%3BAcc:13184583];gene_id=WBGene00206414;logic_name=wormbase
II	WormBase	gene	4234903	4235996	.	-	.	ID=gene:WBGene00045297;Name=fbxc-43;biotype=protein_coding;description=F-box C protein [Source:NCBI gene%3BAcc:6418620];gene_id=WBGene00045297;logic_name=wormbase
II	WormBase	gene	4236504	4237751	.	-	.	ID=gene:WBGene00015819;Name=fbxc-44;biotype=protein_coding;description=F-box C protein [Source:NCBI gene%3BAcc:173757];gene_id=WBGene00015819;logic_name=wormbase
II	WormBase	gene	441402	443780	.	+	.	ID=gene:WBGene00016071;Name=C24H12.1;biotype=protein_coding;description=F-box domain-containing protein [Source:NCBI gene%3BAcc:182866];gene_id=WBGene00016071;logic_name=wormbase
II	WormBase	gene	4826446	4827884	.	-	.	ID=gene:WBGene00016359;Name=fbxb-88;biotype=protein_coding;description=F-box domain-containing protein [Source:NCBI gene%3BAcc:173831];gene_id=WBGene00016359;logic_name=wormbase
II	WormBase	gene	535526	546944	.	+	.	ID=gene:WBGene00020835;Name=T27A1.3;biotype=protein_coding;description=F-box domain-containing protein [Source:NCBI gene%3BAcc:173444];gene_id=WBGene00020835;logic_name=wormbase
II	WormBase	gene	5550046	5550530	.	+	.	ID=gene:WBGene00015891;Name=C17C3.6;biotype=protein_coding;description=F-box domain-containing protein [Source:NCBI gene%3BAcc:182716];gene_id=WBGene00015891;logic_name=wormbase
II	WormBase	gene	5696498	5698969	.	-	.	ID=gene:WBGene00016119;Name=C25H3.10;biotype=protein_coding;description=F-box domain-containing protein [Source:NCBI gene%3BAcc:173965];gene_id=WBGene00016119;logic_name=wormbase
II	WormBase	gene	582111	582749	.	-	.	ID=gene:WBGene00021098;Name=fbxb-14;biotype=protein_coding;description=FBA_2 domain-containing protein [Source:NCBI gene%3BAcc:189301];gene_id=WBGene00021098;logic_name=wormbase
II	WormBase	gene	584798	586238	.	+	.	ID=gene:WBGene00044733;Name=W08F4.13;biotype=protein_coding;description=F-box domain-containing protein [Source:NCBI gene%3BAcc:4363035];gene_id=WBGene00044733;logic_name=wormbase
II	WormBase	gene	587833	589143	.	+	.	ID=gene:WBGene00021092;Name=fbxb-34;biotype=protein_coding;description=F-box domain-containing protein [Source:NCBI gene%3BAcc:189298];gene_id=WBGene00021092;logic_name=wormbase
II	WormBase	gene	6371303	6374776	.	+	.	ID=gene:WBGene00003009;Name=lin-23;biotype=protein_coding;description=F-box/WD repeat-containing protein lin-23 [Source:NCBI gene%3BAcc:174058];gene_id=WBGene00003009;logic_name=wormbase
II	WormBase	gene	685111	689082	.	+	.	ID=gene:WBGene00020175;Name=T02H6.5;biotype=protein_coding;description=F-box domain-containing protein [Source:NCBI gene%3BAcc:173458];gene_id=WBGene00020175;logic_name=wormbase
II	WormBase	gene	7084321	7093123	.	+	.	ID=gene:WBGene00020170;Name=T02G5.14;biotype=protein_coding;description=F-box domain-containing protein [Source:NCBI gene%3BAcc:174163];gene_id=WBGene00020170;logic_name=wormbase
II	WormBase	gene	739553	740908	.	-	.	ID=gene:WBGene00015615;Name=fbxc-48;biotype=protein_coding;description=F-box C protein [Source:NCBI gene%3BAcc:182425];gene_id=WBGene00015615;logic_name=wormbase
II	WormBase	gene	7399012	7400546	.	+	.	ID=gene:WBGene00015566;Name=C07D10.1;biotype=protein_coding;description=F-box domain-containing protein [Source:NCBI gene%3BAcc:174211];gene_id=WBGene00015566;logic_name=wormbase
II	WormBase	gene	7546780	7548144	.	-	.	ID=gene:WBGene00022890;Name=fbxa-224;biotype=protein_coding;description=F-box A protein 224 [Source:NCBI gene%3BAcc:191557];gene_id=WBGene00022890;logic_name=wormbase
II	WormBase	gene	868814	871699	.	+	.	ID=gene:WBGene00021576;Name=fbxc-51;biotype=protein_coding;description=F-box C protein [Source:NCBI gene%3BAcc:173467];gene_id=WBGene00021576;logic_name=wormbase
II	WormBase	gene	907448	909654	.	-	.	ID=gene:WBGene00019927;Name=fbxc-24;biotype=protein_coding;description=F-box C protein [Source:NCBI gene%3BAcc:187670];gene_id=WBGene00019927;logic_name=wormbase
II	WormBase	gene	909769	911725	.	+	.	ID=gene:WBGene00019926;Name=fbxc-27;biotype=protein_coding;description=F-box C protein [Source:NCBI gene%3BAcc:187669];gene_id=WBGene00019926;logic_name=wormbase
II	WormBase	gene	911980	913052	.	+	.	ID=gene:WBGene00019925;Name=fbxc-31;biotype=protein_coding;description=F-box C protein [Source:NCBI gene%3BAcc:173472];gene_id=WBGene00019925;logic_name=wormbase
II	WormBase	gene	913672	915219	.	+	.	ID=gene:WBGene00019924;Name=fbxc-33;biotype=protein_coding;description=F-box C protein [Source:NCBI gene%3BAcc:173473];gene_id=WBGene00019924;logic_name=wormbase
II	WormBase	gene	916080	917470	.	+	.	ID=gene:WBGene00019923;Name=fbxc-29;biotype=protein_coding;description=F-box C protein [Source:NCBI gene%3BAcc:173474];gene_id=WBGene00019923;logic_name=wormbase
II	WormBase	gene	917624	919417	.	+	.	ID=gene:WBGene00045302;Name=fbxc-30;biotype=protein_coding;description=F-box C protein [Source:NCBI gene%3BAcc:6418632];gene_id=WBGene00045302;logic_name=wormbase
II	WormBase	gene	923821	925196	.	+	.	ID=gene:WBGene00019922;Name=fbxc-28;biotype=protein_coding;description=F-box C protein [Source:NCBI gene%3BAcc:187668];gene_id=WBGene00019922;logic_name=wormbase
II	WormBase	gene	931171	932327	.	+	.	ID=gene:WBGene00019921;Name=fbxc-34;biotype=protein_coding;description=F-box C protein [Source:NCBI gene%3BAcc:187667];gene_id=WBGene00019921;logic_name=wormbase
II	WormBase	gene	940983	943167	.	+	.	ID=gene:WBGene00019918;Name=fbxc-36;biotype=protein_coding;description=F-box C protein [Source:NCBI gene%3BAcc:173475];gene_id=WBGene00019918;logic_name=wormbase
II	WormBase	gene	946485	948191	.	-	.	ID=gene:WBGene00016303;Name=fbxc-32;biotype=protein_coding;description=F-box C protein [Source:NCBI gene%3BAcc:173476];gene_id=WBGene00016303;logic_name=wormbase
II	WormBase	gene	954926	956375	.	+	.	ID=gene:WBGene00016302;Name=fbxc-7;biotype=protein_coding;description=F-box C protein [Source:NCBI gene%3BAcc:183113];gene_id=WBGene00016302;logic_name=wormbase
II	WormBase	gene	965575	967062	.	-	.	ID=gene:WBGene00016307;Name=fbxc-18;biotype=protein_coding;description=F-box C protein [Source:NCBI gene%3BAcc:183117];gene_id=WBGene00016307;logic_name=wormbase
II	WormBase	gene	974299	975545	.	+	.	ID=gene:WBGene00016298;Name=fbxc-14;biotype=protein_coding;description=F-box C protein [Source:NCBI gene%3BAcc:183109];gene_id=WBGene00016298;logic_name=wormbase
II	WormBase	gene	976208	979235	.	-	.	ID=gene:WBGene00044419;Name=fbxc-17;biotype=protein_coding;description=F-box C protein [Source:NCBI gene%3BAcc:3565224];gene_id=WBGene00044419;logic_name=wormbase
II	WormBase	gene	979423	980825	.	+	.	ID=gene:WBGene00016297;Name=fbxc-15;biotype=protein_coding;description=F-box C protein [Source:NCBI gene%3BAcc:183108];gene_id=WBGene00016297;logic_name=wormbase
II	WormBase	gene	986003	988670	.	+	.	ID=gene:WBGene00016295;Name=fbxc-40;biotype=protein_coding;description=F-box C protein [Source:NCBI gene%3BAcc:173477];gene_id=WBGene00016295;logic_name=wormbase
II	WormBase	gene	988737	991146	.	+	.	ID=gene:WBGene00018456;Name=fbxc-39;biotype=protein_coding;description=F-box C protein [Source:NCBI gene%3BAcc:173478];gene_id=WBGene00018456;logic_name=wormbase
II	WormBase	gene	991600	993179	.	+	.	ID=gene:WBGene00018455;Name=fbxc-42;biotype=protein_coding;description=F-box C protein [Source:NCBI gene%3BAcc:185785];gene_id=WBGene00018455;logic_name=wormbase
II	WormBase	gene	994531	995371	.	+	.	ID=gene:WBGene00043327;Name=F45D11.7;biotype=protein_coding;description=F-box domain-containing protein [Source:NCBI gene%3BAcc:26591688];gene_id=WBGene00043327;logic_name=wormbase
II	WormBase	gene	995288	996212	.	-	.	ID=gene:WBGene00043328;Name=F45D11.11;biotype=protein_coding;description=F-box domain-containing protein [Source:NCBI gene%3BAcc:26591687];gene_id=WBGene00043328;logic_name=wormbase
II	WormBase	gene	999162	999593	.	-	.	ID=gene:WBGene00018457;Name=fbxb-29;biotype=protein_coding;description=F-box domain-containing protein [Source:NCBI gene%3BAcc:185786];gene_id=WBGene00018457;logic_name=wormbase
III	WormBase	gene	10001360	10003856	.	+	.	ID=gene:WBGene00007322;Name=C05B5.5;biotype=protein_coding;description=putative F-box protein C05B5.5 [Source:NCBI gene%3BAcc:176413];gene_id=WBGene00007322;logic_name=wormbase
III	WormBase	gene	10007966	10010217	.	-	.	ID=gene:WBGene00007323;Name=fbxa-155;biotype=protein_coding;description=F-box A protein 155 [Source:NCBI gene%3BAcc:176414];gene_id=WBGene00007323;logic_name=wormbase
III	WormBase	gene	10679271	10682417	.	+	.	ID=gene:WBGene00012654;Name=Y39A1A.16;biotype=protein_coding;description=F-box domain-containing protein [Source:NCBI gene%3BAcc:189710];gene_id=WBGene00012654;logic_name=wormbase
III	WormBase	gene	10847614	10848963	.	-	.	ID=gene:WBGene00011267;Name=fbxb-85;biotype=protein_coding;description=F-box domain-containing protein [Source:NCBI gene%3BAcc:187876];gene_id=WBGene00011267;logic_name=wormbase
III	WormBase	gene	10894520	10896256	.	+	.	ID=gene:WBGene00043996;Name=fbxb-87;biotype=protein_coding;description=F-box domain-containing protein [Source:NCBI gene%3BAcc:3565613];gene_id=WBGene00043996;logic_name=wormbase
III	WormBase	gene	11136799	11139113	.	-	.	ID=gene:WBGene00012923;Name=fbxa-128;biotype=protein_coding;description=FTH domain-containing protein [Source:NCBI gene%3BAcc:189975];gene_id=WBGene00012923;logic_name=wormbase
III	WormBase	gene	11482469	11484189	.	-	.	ID=gene:WBGene00013421;Name=fbxa-220;biotype=protein_coding;description=F-box A protein [Source:NCBI gene%3BAcc:190489];gene_id=WBGene00013421;logic_name=wormbase
III	WormBase	gene	11882543	11883754	.	-	.	ID=gene:WBGene00013230;Name=fbxb-22;biotype=protein_coding;description=FBA_2 domain-containing protein [Source:NCBI gene%3BAcc:190327];gene_id=WBGene00013230;logic_name=wormbase
III	WormBase	gene	11908960	11909948	.	+	.	ID=gene:WBGene00013234;Name=fbxb-24;biotype=protein_coding;description=F-box domain-containing protein [Source:NCBI gene%3BAcc:190328];gene_id=WBGene00013234;logic_name=wormbase
III	WormBase	gene	1219	3097	.	-	.	ID=gene:WBGene00008352;Name=fbxa-6;biotype=protein_coding;description=F-box domain-containing protein [Source:NCBI gene%3BAcc:183881];gene_id=WBGene00008352;logic_name=wormbase
III	WormBase	gene	12236184	12238957	.	+	.	ID=gene:WBGene00013555;Name=fbxa-89;biotype=protein_coding;description=F-box domain-containing protein [Source:NCBI gene%3BAcc:190708];gene_id=WBGene00013555;logic_name=wormbase
III	WormBase	gene	1239048	1242799	.	+	.	ID=gene:WBGene00022486;Name=fbxa-61;biotype=protein_coding;description=F-box domain-containing protein [Source:NCBI gene%3BAcc:191041];gene_id=WBGene00022486;logic_name=wormbase
III	WormBase	gene	1243508	1245358	.	+	.	ID=gene:WBGene00022485;Name=fbxa-63;biotype=protein_coding;description=F-box domain-containing protein [Source:NCBI gene%3BAcc:191040];gene_id=WBGene00022485;logic_name=wormbase
III	WormBase	gene	12436515	12441058	.	+	.	ID=gene:WBGene00013036;Name=fbxa-218;biotype=protein_coding;description=FTH domain-containing protein [Source:NCBI gene%3BAcc:176670];gene_id=WBGene00013036;logic_name=wormbase
III	WormBase	gene	1247618	1249161	.	-	.	ID=gene:WBGene00044675;Name=fbxa-76;biotype=protein_coding;description=F-box domain-containing protein [Source:NCBI gene%3BAcc:4363050];gene_id=WBGene00044675;logic_name=wormbase
III	WormBase	gene	1249475	1251854	.	+	.	ID=gene:WBGene00022484;Name=fbxa-77;biotype=protein_coding;description=F-box domain-containing protein [Source:NCBI gene%3BAcc:175290];gene_id=WBGene00022484;logic_name=wormbase
III	WormBase	gene	1256819	1260190	.	+	.	ID=gene:WBGene00022482;Name=fbxa-208;biotype=protein_coding;description=FTH domain-containing protein [Source:NCBI gene%3BAcc:191038];gene_id=WBGene00022482;logic_name=wormbase
III	WormBase	gene	1257182	1258458	.	-	.	ID=gene:WBGene00022495;Name=fbxa-78;biotype=protein_coding;description=F-box domain-containing protein [Source:NCBI gene%3BAcc:191046];gene_id=WBGene00022495;logic_name=wormbase
III	WormBase	gene	1265623	1266899	.	-	.	ID=gene:WBGene00013840;Name=fbxa-151;biotype=protein_coding;description=F-box domain-containing protein [Source:NCBI gene%3BAcc:191061];gene_id=WBGene00013840;logic_name=wormbase
III	WormBase	gene	1267299	1269256	.	-	.	ID=gene:WBGene00013839;Name=fbxa-32;biotype=protein_coding;description=F-box domain-containing protein [Source:NCBI gene%3BAcc:191060];gene_id=WBGene00013839;logic_name=wormbase
III	WormBase	gene	1269568	1271428	.	-	.	ID=gene:WBGene00013838;Name=fbxa-31;biotype=protein_coding;description=F-box domain-containing protein [Source:NCBI gene%3BAcc:191059];gene_id=WBGene00013838;logic_name=wormbase
III	WormBase	gene	1271993	1273705	.	-	.	ID=gene:WBGene00013836;Name=fbxa-29;biotype=protein_coding;description=F-box domain-containing protein [Source:NCBI gene%3BAcc:191056];gene_id=WBGene00013836;logic_name=wormbase
III	WormBase	gene	1274425	1275613	.	-	.	ID=gene:WBGene00013837;Name=fbxa-30;biotype=protein_coding;description=F-box domain-containing protein [Source:NCBI gene%3BAcc:191058];gene_id=WBGene00013837;logic_name=wormbase
III	WormBase	gene	1284996	1287140	.	+	.	ID=gene:WBGene00013845;Name=fbxa-37;biotype=protein_coding;description=F-box domain-containing protein [Source:NCBI gene%3BAcc:175292];gene_id=WBGene00013845;logic_name=wormbase
III	WormBase	gene	1287299	1288523	.	-	.	ID=gene:WBGene00013844;Name=fbxa-50;biotype=protein_coding;description=F-box A protein [Source:NCBI gene%3BAcc:191064];gene_id=WBGene00013844;logic_name=wormbase
III	WormBase	gene	1291970	1293235	.	-	.	ID=gene:WBGene00022479;Name=fbxa-36;biotype=protein_coding;description=F-box domain-containing protein [Source:NCBI gene%3BAcc:191035];gene_id=WBGene00022479;logic_name=wormbase
III	WormBase	gene	1295666	1297142	.	+	.	ID=gene:WBGene00022478;Name=fbxa-35;biotype=protein_coding;description=F-box domain-containing protein [Source:NCBI gene%3BAcc:191034];gene_id=WBGene00022478;logic_name=wormbase
III	WormBase	gene	1297904	1299484	.	+	.	ID=gene:WBGene00022477;Name=fbxa-28;biotype=protein_coding;description=F-box domain-containing protein [Source:NCBI gene%3BAcc:191033];gene_id=WBGene00022477;logic_name=wormbase
III	WormBase	gene	1303714	1305461	.	+	.	ID=gene:WBGene00022476;Name=fbxa-75;biotype=protein_coding;description=FTH domain-containing protein [Source:NCBI gene%3BAcc:191032];gene_id=WBGene00022476;logic_name=wormbase
III	WormBase	gene	1305716	1308294	.	-	.	ID=gene:WBGene00022329;Name=fbxa-79;biotype=protein_coding;description=F-box domain-containing protein [Source:NCBI gene%3BAcc:190760];gene_id=WBGene00022329;logic_name=wormbase
III	WormBase	gene	1313297	1315210	.	-	.	ID=gene:WBGene00022330;Name=fbxa-80;biotype=protein_coding;description=F-box domain-containing protein [Source:NCBI gene%3BAcc:190761];gene_id=WBGene00022330;logic_name=wormbase
III	WormBase	gene	1315401	1318986	.	+	.	ID=gene:WBGene00022331;Name=fbxa-19;biotype=protein_coding;description=F-box domain-containing protein [Source:NCBI gene%3BAcc:190762];gene_id=WBGene00022331;logic_name=wormbase
III	WormBase	gene	1318934	1321661	.	-	.	ID=gene:WBGene00022327;Name=fbxa-15;biotype=protein_coding;description=F-box domain-containing protein [Source:NCBI gene%3BAcc:190758];gene_id=WBGene00022327;logic_name=wormbase
III	WormBase	gene	1322124	1324613	.	-	.	ID=gene:WBGene00022326;Name=fbxa-14;biotype=protein_coding;description=F-box domain-containing protein [Source:NCBI gene%3BAcc:175294];gene_id=WBGene00022326;logic_name=wormbase
III	WormBase	gene	13265866	13266932	.	+	.	ID=gene:WBGene00010141;Name=F56A8.5;biotype=protein_coding;description=F-box domain-containing protein [Source:NCBI gene%3BAcc:186356];gene_id=WBGene00010141;logic_name=wormbase
III	WormBase	gene	1326790	1331066	.	+	.	ID=gene:WBGene00044402;Name=Y82E9BL.18;biotype=protein_coding;description=F-box domain-containing protein [Source:NCBI gene%3BAcc:3565083];gene_id=WBGene00044402;logic_name=wormbase
III	WormBase	gene	1336695	1340340	.	-	.	ID=gene:WBGene00022325;Name=fbxa-5;biotype=protein_coding;description=F-box domain-containing protein [Source:NCBI gene%3BAcc:3565750];gene_id=WBGene00022325;logic_name=wormbase
III	WormBase	gene	13386150	13388359	.	+	.	ID=gene:WBGene00011400;Name=T03F6.4;biotype=protein_coding;description=F-box domain-containing protein [Source:NCBI gene%3BAcc:188023];gene_id=WBGene00011400;logic_name=wormbase
III	WormBase	gene	1340597	1342522	.	-	.	ID=gene:WBGene00022324;Name=fbxa-26;biotype=protein_coding;description=F-box domain-containing protein [Source:NCBI gene%3BAcc:190756];gene_id=WBGene00022324;logic_name=wormbase
III	WormBase	gene	1342969	1344744	.	+	.	ID=gene:WBGene00022333;Name=fbxa-27;biotype=protein_coding;description=FTH domain-containing protein [Source:NCBI gene%3BAcc:190764];gene_id=WBGene00022333;logic_name=wormbase
III	WormBase	gene	1347908	1349450	.	-	.	ID=gene:WBGene00022321;Name=fbxa-25;biotype=protein_coding;description=F-box domain-containing protein [Source:NCBI gene%3BAcc:190753];gene_id=WBGene00022321;logic_name=wormbase
III	WormBase	gene	1382185	1384252	.	-	.	ID=gene:WBGene00022345;Name=fbxa-138;biotype=protein_coding;description=F-box domain-containing protein [Source:NCBI gene%3BAcc:190774];gene_id=WBGene00022345;logic_name=wormbase
III	WormBase	gene	140072	141217	.	-	.	ID=gene:WBGene00020541;Name=fbxb-81;biotype=protein_coding;description=FBA_2 domain-containing protein [Source:NCBI gene%3BAcc:188565];gene_id=WBGene00020541;logic_name=wormbase
III	WormBase	gene	142093	143221	.	-	.	ID=gene:WBGene00020542;Name=fbxb-82;biotype=protein_coding;description=F-box domain-containing protein [Source:NCBI gene%3BAcc:188566];gene_id=WBGene00020542;logic_name=wormbase
III	WormBase	gene	143559	145211	.	-	.	ID=gene:WBGene00020543;Name=fbxb-83;biotype=protein_coding;description=FBA_2 domain-containing protein [Source:NCBI gene%3BAcc:188567];gene_id=WBGene00020543;logic_name=wormbase
III	WormBase	gene	145482	146469	.	-	.	ID=gene:WBGene00020544;Name=fbxb-84;biotype=protein_coding;description=F-box domain-containing protein [Source:NCBI gene%3BAcc:188568];gene_id=WBGene00020544;logic_name=wormbase
III	WormBase	gene	1483624	1495330	.	-	.	ID=gene:WBGene00022351;Name=Y82E9BR.19;biotype=protein_coding;description=F-box domain-containing protein [Source:NCBI gene%3BAcc:190776];gene_id=WBGene00022351;logic_name=wormbase
III	WormBase	gene	167259	169578	.	-	.	ID=gene:WBGene00189954;Name=F40G9.18;biotype=protein_coding;description=F-box domain-containing protein [Source:NCBI gene%3BAcc:13188264];gene_id=WBGene00189954;logic_name=wormbase
III	WormBase	gene	1696952	1698986	.	-	.	ID=gene:WBGene00021262;Name=fbxa-74;biotype=protein_coding;description=F-box domain-containing protein [Source:NCBI gene%3BAcc:189515];gene_id=WBGene00021262;logic_name=wormbase
III	WormBase	gene	170319	171717	.	-	.	ID=gene:WBGene00018245;Name=F40G9.9;biotype=protein_coding;description=F-box domain-containing protein [Source:NCBI gene%3BAcc:185557];gene_id=WBGene00018245;logic_name=wormbase
III	WormBase	gene	1703483	1705899	.	-	.	ID=gene:WBGene00021264;Name=fbxa-13;biotype=protein_coding;description=F-box domain-containing protein [Source:NCBI gene%3BAcc:189517];gene_id=WBGene00021264;logic_name=wormbase
III	WormBase	gene	1705946	1713729	.	+	.	ID=gene:WBGene00021256;Name=Y22D7AR.2;biotype=protein_coding;description=F-box domain-containing protein [Source:NCBI gene%3BAcc:189510];gene_id=WBGene00021256;logic_name=wormbase
III	WormBase	gene	2219708	2222441	.	+	.	ID=gene:WBGene00016525;Name=fbxa-12;biotype=protein_coding;description=F-box domain-containing protein [Source:NCBI gene%3BAcc:183326];gene_id=WBGene00016525;logic_name=wormbase
III	WormBase	gene	2224672	2227198	.	+	.	ID=gene:WBGene00016522;Name=fbxa-38;biotype=protein_coding;description=F-box domain-containing protein [Source:NCBI gene%3BAcc:183323];gene_id=WBGene00016522;logic_name=wormbase
III	WormBase	gene	2227707	2229268	.	+	.	ID=gene:WBGene00016521;Name=fbxa-62;biotype=protein_coding;description=F-box domain-containing protein [Source:NCBI gene%3BAcc:183322];gene_id=WBGene00016521;logic_name=wormbase
III	WormBase	gene	2229992	2232460	.	-	.	ID=gene:WBGene00016527;Name=fbxa-47;biotype=protein_coding;description=F-box domain-containing protein [Source:NCBI gene%3BAcc:183328];gene_id=WBGene00016527;logic_name=wormbase
III	WormBase	gene	2234884	2236987	.	+	.	ID=gene:WBGene00016520;Name=C39B5.2;biotype=protein_coding;description=F-box domain-containing protein [Source:NCBI gene%3BAcc:175348];gene_id=WBGene00016520;logic_name=wormbase
III	WormBase	gene	2249932	2251448	.	-	.	ID=gene:WBGene00020637;Name=fbxa-7;biotype=protein_coding;description=F-box domain-containing protein [Source:NCBI gene%3BAcc:188664];gene_id=WBGene00020637;logic_name=wormbase
III	WormBase	gene	2253449	2254783	.	+	.	ID=gene:WBGene00020640;Name=fbxa-73;biotype=protein_coding;description=F-box domain-containing protein [Source:NCBI gene%3BAcc:188667];gene_id=WBGene00020640;logic_name=wormbase
III	WormBase	gene	2255822	2257247	.	+	.	ID=gene:WBGene00020639;Name=fbxa-71;biotype=protein_coding;description=FTH domain-containing protein [Source:NCBI gene%3BAcc:188666];gene_id=WBGene00020639;logic_name=wormbase
III	WormBase	gene	2257527	2258963	.	-	.	ID=gene:WBGene00020638;Name=fbxa-43;biotype=protein_coding;description=F-box domain-containing protein [Source:NCBI gene%3BAcc:188665];gene_id=WBGene00020638;logic_name=wormbase
III	WormBase	gene	2259906	2261453	.	-	.	ID=gene:WBGene00044676;Name=fbxa-42;biotype=protein_coding;description=F-box domain-containing protein [Source:NCBI gene%3BAcc:4363055];gene_id=WBGene00044676;logic_name=wormbase
III	WormBase	gene	2266651	2268315	.	+	.	ID=gene:WBGene00021860;Name=fbxa-9;biotype=protein_coding;description=F-box domain-containing protein [Source:NCBI gene%3BAcc:190271];gene_id=WBGene00021860;logic_name=wormbase
III	WormBase	gene	2266980	2272175	.	-	.	ID=gene:WBGene00021862;Name=fbxa-48;biotype=protein_coding;description=F-box domain-containing protein [Source:NCBI gene%3BAcc:190273];gene_id=WBGene00021862;logic_name=wormbase
III	WormBase	gene	2273032	2277219	.	+	.	ID=gene:WBGene00021859;Name=fbxa-39;biotype=protein_coding;description=F-box domain-containing protein [Source:NCBI gene%3BAcc:190270];gene_id=WBGene00021859;logic_name=wormbase
III	WormBase	gene	2291415	2294191	.	+	.	ID=gene:WBGene00044403;Name=fbxa-219;biotype=protein_coding;description=F-box domain-containing protein [Source:NCBI gene%3BAcc:3565143];gene_id=WBGene00044403;logic_name=wormbase
III	WormBase	gene	2305926	2308126	.	-	.	ID=gene:WBGene00021864;Name=fbxa-1;biotype=protein_coding;description=F-box domain-containing protein [Source:NCBI gene%3BAcc:190274];gene_id=WBGene00021864;logic_name=wormbase
III	WormBase	gene	2308256	2309706	.	+	.	ID=gene:WBGene00206486;Name=Y54F10BM.20;biotype=protein_coding;description=F-box domain-containing protein [Source:NCBI gene%3BAcc:13188710];gene_id=WBGene00206486;logic_name=wormbase
III	WormBase	gene	2309792	2314035	.	-	.	ID=gene:WBGene00021865;Name=fbxa-66;biotype=protein_coding;description=F-box domain-containing protein [Source:NCBI gene%3BAcc:190275];gene_id=WBGene00021865;logic_name=wormbase
III	WormBase	gene	292640	314508	.	+	.	ID=gene:WBGene00021751;Name=Y50D7A.1;biotype=protein_coding;description=F-box domain-containing protein [Source:NCBI gene%3BAcc:175193];gene_id=WBGene00021751;logic_name=wormbase
III	WormBase	gene	4709209	4712622	.	+	.	ID=gene:WBGene00119203;Name=T04A8.18;biotype=protein_coding;description=F-box domain-containing protein [Source:NCBI gene%3BAcc:7040191];gene_id=WBGene00119203;logic_name=wormbase
III	WormBase	gene	4937322	4939453	.	+	.	ID=gene:WBGene00001499;Name=fsn-1;biotype=protein_coding;description=F-box/SPRY domain-containing protein 1 [Source:NCBI gene%3BAcc:175667];gene_id=WBGene00001499;logic_name=wormbase
III	WormBase	gene	4980521	4984494	.	-	.	ID=gene:WBGene00016169;Name=C27F2.7;biotype=protein_coding;description=putative F-box protein C27F2.7 [Source:NCBI gene%3BAcc:259768];gene_id=WBGene00016169;logic_name=wormbase
III	WormBase	gene	5446511	5448395	.	-	.	ID=gene:WBGene00018613;Name=skpt-1;biotype=protein_coding;description=F-box domain-containing protein [Source:NCBI gene%3BAcc:175749];gene_id=WBGene00018613;logic_name=wormbase
III	WormBase	gene	6028790	6030583	.	-	.	ID=gene:WBGene00022695;Name=ZK328.6;biotype=protein_coding;description=putative F-box protein ZK328.6 [Source:NCBI gene%3BAcc:175854];gene_id=WBGene00022695;logic_name=wormbase
III	WormBase	gene	6795626	6797774	.	+	.	ID=gene:WBGene00019907;Name=R05H11.1;biotype=protein_coding;description=F-box domain-containing protein [Source:NCBI gene%3BAcc:187631];gene_id=WBGene00019907;logic_name=wormbase
III	WormBase	gene	6898014	6900605	.	+	.	ID=gene:WBGene00020315;Name=T07E3.4;biotype=protein_coding;description=F-box domain-containing protein [Source:NCBI gene%3BAcc:175961];gene_id=WBGene00020315;logic_name=wormbase
III	WormBase	gene	7367710	7369538	.	+	.	ID=gene:WBGene00020602;Name=T20B12.4;biotype=protein_coding;description=putative F-box protein T20B12.4 [Source:NCBI gene%3BAcc:188631];gene_id=WBGene00020602;logic_name=wormbase
III	WormBase	gene	8227830	8232660	.	+	.	ID=gene:WBGene00015350;Name=fbxl-1;biotype=protein_coding;description=F-box/LRR-repeat protein fbxl-1 [Source:NCBI gene%3BAcc:3564805];gene_id=WBGene00015350;logic_name=wormbase
III	WormBase	gene	933422	936087	.	-	.	ID=gene:WBGene00020453;Name=fbxa-55;biotype=protein_coding;description=F-box domain-containing protein%3B FTH domain-containing protein [Source:NCBI gene%3BAcc:188445];gene_id=WBGene00020453;logic_name=wormbase
III	WormBase	gene	937455	938061	.	-	.	ID=gene:WBGene00020454;Name=fbxa-56;biotype=protein_coding;description=FTH domain-containing protein [Source:NCBI gene%3BAcc:188446];gene_id=WBGene00020454;logic_name=wormbase
III	WormBase	gene	938869	939437	.	+	.	ID=gene:WBGene00020452;Name=fbxa-22;biotype=protein_coding;description=FTH domain-containing protein [Source:NCBI gene%3BAcc:188444];gene_id=WBGene00020452;logic_name=wormbase
III	WormBase	gene	939941	943476	.	-	.	ID=gene:WBGene00020455;Name=fbxa-59;biotype=protein_coding;description=F-box domain-containing protein [Source:NCBI gene%3BAcc:188447];gene_id=WBGene00020455;logic_name=wormbase
III	WormBase	gene	944733	946300	.	-	.	ID=gene:WBGene00020456;Name=fbxa-60;biotype=protein_coding;description=F-box domain-containing protein [Source:NCBI gene%3BAcc:188448];gene_id=WBGene00020456;logic_name=wormbase
III	WormBase	gene	948493	950670	.	-	.	ID=gene:WBGene00020457;Name=fbxa-67;biotype=protein_coding;description=F-box domain-containing protein [Source:NCBI gene%3BAcc:175258];gene_id=WBGene00020457;logic_name=wormbase
III	WormBase	gene	950869	952264	.	+	.	ID=gene:WBGene00020451;Name=fbxa-11;biotype=protein_coding;description=F-box domain-containing protein [Source:NCBI gene%3BAcc:188443];gene_id=WBGene00020451;logic_name=wormbase
III	WormBase	gene	952390	954102	.	+	.	ID=gene:WBGene00020450;Name=fbxa-10;biotype=protein_coding;description=F-box domain-containing protein [Source:NCBI gene%3BAcc:188442];gene_id=WBGene00020450;logic_name=wormbase
III	WormBase	gene	956334	957901	.	+	.	ID=gene:WBGene00020449;Name=fbxa-54;biotype=protein_coding;description=F-box domain-containing protein [Source:NCBI gene%3BAcc:188441];gene_id=WBGene00020449;logic_name=wormbase
III	WormBase	gene	962269	963833	.	+	.	ID=gene:WBGene00020448;Name=fbxa-51;biotype=protein_coding;description=F-box domain-containing protein [Source:NCBI gene%3BAcc:188440];gene_id=WBGene00020448;logic_name=wormbase
IV	WormBase	gene	10664434	10665685	.	+	.	ID=gene:WBGene00010649;Name=K08C7.7;biotype=protein_coding;description=F-box domain-containing protein [Source:NCBI gene%3BAcc:177955];gene_id=WBGene00010649;logic_name=wormbase
IV	WormBase	gene	11159563	11160807	.	-	.	ID=gene:WBGene00219217;Name=C08F8.15;biotype=protein_coding;description=F-box domain-containing protein [Source:NCBI gene%3BAcc:13198072];gene_id=WBGene00219217;logic_name=wormbase
IV	WormBase	gene	11161253	11162551	.	-	.	ID=gene:WBGene00007447;Name=fbxb-9;biotype=protein_coding;description=F-box domain-containing protein [Source:NCBI gene%3BAcc:182415];gene_id=WBGene00007447;logic_name=wormbase
IV	WormBase	gene	11188891	11189511	.	-	.	ID=gene:WBGene00011127;Name=fbxb-79;biotype=protein_coding;description=FBA_2 domain-containing protein [Source:NCBI gene%3BAcc:187689];gene_id=WBGene00011127;logic_name=wormbase
IV	WormBase	gene	11378171	11379354	.	-	.	ID=gene:WBGene00010352;Name=fbxb-76;biotype=protein_coding;description=F-box domain-containing protein [Source:NCBI gene%3BAcc:186669];gene_id=WBGene00010352;logic_name=wormbase
IV	WormBase	gene	11838957	11840426	.	+	.	ID=gene:WBGene00009546;Name=fbxb-3;biotype=protein_coding;description=F-box domain-containing protein [Source:NCBI gene%3BAcc:185478];gene_id=WBGene00009546;logic_name=wormbase
IV	WormBase	gene	13633407	13635223	.	+	.	ID=gene:WBGene00007453;Name=fbxa-98;biotype=protein_coding;description=F-box domain-containing protein [Source:NCBI gene%3BAcc:182421];gene_id=WBGene00007453;logic_name=wormbase
IV	WormBase	gene	13665364	13666909	.	-	.	ID=gene:WBGene00012879;Name=fbxa-215;biotype=protein_coding;description=F-box domain-containing protein [Source:NCBI gene%3BAcc:178336];gene_id=WBGene00012879;logic_name=wormbase
IV	WormBase	gene	14319834	14321755	.	-	.	ID=gene:WBGene00013454;Name=fbxa-126;biotype=protein_coding;description=FTH domain-containing protein [Source:NCBI gene%3BAcc:190508];gene_id=WBGene00013454;logic_name=wormbase
IV	WormBase	gene	14323237	14326383	.	-	.	ID=gene:WBGene00013453;Name=fbxa-83;biotype=protein_coding;description=FTH domain-containing protein [Source:NCBI gene%3BAcc:178378];gene_id=WBGene00013453;logic_name=wormbase
IV	WormBase	gene	14754089	14754934	.	-	.	ID=gene:WBGene00077762;Name=Y57G11C.499;biotype=protein_coding;description=F-box domain-containing protein [Source:NCBI gene%3BAcc:7040135];gene_id=WBGene00077762;logic_name=wormbase
IV	WormBase	gene	2919827	2922243	.	-	.	ID=gene:WBGene00021887;Name=fbxc-45;biotype=protein_coding;description=F-box C protein [Source:NCBI gene%3BAcc:190283];gene_id=WBGene00021887;logic_name=wormbase
IV	WormBase	gene	3805519	3806712	.	+	.	ID=gene:WBGene00019723;Name=fbxc-47;biotype=protein_coding;description=F-box C protein [Source:NCBI gene%3BAcc:187396];gene_id=WBGene00019723;logic_name=wormbase
IV	WormBase	gene	4068780	4069548	.	+	.	ID=gene:WBGene00020979;Name=fbxb-55;biotype=protein_coding;description=F-box B protein [Source:NCBI gene%3BAcc:189151];gene_id=WBGene00020979;logic_name=wormbase
IV	WormBase	gene	4437758	4439290	.	-	.	ID=gene:WBGene00019952;Name=fbxb-74;biotype=protein_coding;description=F-box domain-containing protein [Source:NCBI gene%3BAcc:177210];gene_id=WBGene00019952;logic_name=wormbase
IV	WormBase	gene	4439824	4441177	.	-	.	ID=gene:WBGene00019956;Name=fbxb-75;biotype=protein_coding;description=F-box domain-containing protein [Source:NCBI gene%3BAcc:3565845];gene_id=WBGene00019956;logic_name=wormbase
IV	WormBase	gene	4597124	4599219	.	+	.	ID=gene:WBGene00017593;Name=F19C7.3;biotype=protein_coding;description=F-box domain-containing protein [Source:NCBI gene%3BAcc:184679];gene_id=WBGene00017593;logic_name=wormbase
IV	WormBase	gene	4737558	4738862	.	+	.	ID=gene:WBGene00017116;Name=fbxb-78;biotype=protein_coding;description=FBA_2 domain-containing protein [Source:NCBI gene%3BAcc:184032];gene_id=WBGene00017116;logic_name=wormbase
IV	WormBase	gene	4754199	4756157	.	-	.	ID=gene:WBGene00021204;Name=fbxb-77;biotype=protein_coding;description=FBA_2 domain-containing protein [Source:NCBI gene%3BAcc:189469];gene_id=WBGene00021204;logic_name=wormbase
IV	WormBase	gene	4930345	4932285	.	+	.	ID=gene:WBGene00021178;Name=Y9C9A.8;biotype=protein_coding;description=F-box domain-containing protein [Source:NCBI gene%3BAcc:177261];gene_id=WBGene00021178;logic_name=wormbase
IV	WormBase	gene	4936647	4938013	.	-	.	ID=gene:WBGene00021179;Name=fbxa-86;biotype=protein_coding;description=F-box domain-containing protein [Source:NCBI gene%3BAcc:189417];gene_id=WBGene00021179;logic_name=wormbase
IV	WormBase	gene	7065322	7068116	.	+	.	ID=gene:WBGene00021542;Name=Y43B11AL.1;biotype=protein_coding;description=F-box domain-containing protein [Source:NCBI gene%3BAcc:177479];gene_id=WBGene00021542;logic_name=wormbase
IV	WormBase	gene	7225358	7227172	.	-	.	ID=gene:WBGene00044504;Name=R13A1.10;biotype=protein_coding;description=F-box domain-containing protein [Source:NCBI gene%3BAcc:3896768];gene_id=WBGene00044504;logic_name=wormbase
IV	WormBase	gene	8405022	8406611	.	-	.	ID=gene:WBGene00019791;Name=sdz-25;biotype=protein_coding;description=F-box domain-containing protein [Source:NCBI gene%3BAcc:177640];gene_id=WBGene00019791;logic_name=wormbase
IV	WormBase	gene	8410578	8412167	.	+	.	ID=gene:WBGene00019788;Name=M116.1;biotype=protein_coding;description=F-box domain-containing protein [Source:NCBI gene%3BAcc:177641];gene_id=WBGene00019788;logic_name=wormbase
IV	WormBase	gene	891239	892614	.	+	.	ID=gene:WBGene00016649;Name=fbxc-1;biotype=protein_coding;description=F-box C protein [Source:NCBI gene%3BAcc:183450];gene_id=WBGene00016649;logic_name=wormbase
IV	WormBase	gene	892806	894586	.	+	.	ID=gene:WBGene00045301;Name=fbxc-9;biotype=protein_coding;description=F-box C protein [Source:NCBI gene%3BAcc:6418672];gene_id=WBGene00045301;logic_name=wormbase
IV	WormBase	gene	895391	896766	.	+	.	ID=gene:WBGene00016648;Name=fbxc-2;biotype=protein_coding;description=F-box C protein [Source:NCBI gene%3BAcc:183449];gene_id=WBGene00016648;logic_name=wormbase
IV	WormBase	gene	896958	898739	.	+	.	ID=gene:WBGene00045300;Name=fbxc-10;biotype=protein_coding;description=F-box C protein [Source:NCBI gene%3BAcc:6418671];gene_id=WBGene00045300;logic_name=wormbase
IV	WormBase	gene	899543	900918	.	+	.	ID=gene:WBGene00016647;Name=fbxc-4;biotype=protein_coding;description=F-box C protein [Source:NCBI gene%3BAcc:183448];gene_id=WBGene00016647;logic_name=wormbase
IV	WormBase	gene	901110	902891	.	+	.	ID=gene:WBGene00045299;Name=fbxc-11;biotype=protein_coding;description=F-box C protein [Source:NCBI gene%3BAcc:6418670];gene_id=WBGene00045299;logic_name=wormbase
IV	WormBase	gene	903696	905071	.	+	.	ID=gene:WBGene00016646;Name=fbxc-5;biotype=protein_coding;description=F-box C protein [Source:NCBI gene%3BAcc:183447];gene_id=WBGene00016646;logic_name=wormbase
IV	WormBase	gene	905263	907044	.	+	.	ID=gene:WBGene00045298;Name=fbxc-12;biotype=protein_coding;description=F-box C protein [Source:NCBI gene%3BAcc:6418669];gene_id=WBGene00045298;logic_name=wormbase
IV	WormBase	gene	907848	909223	.	+	.	ID=gene:WBGene00019073;Name=fbxc-3;biotype=protein_coding;description=F-box C protein [Source:NCBI gene%3BAcc:186555];gene_id=WBGene00019073;logic_name=wormbase
IV	WormBase	gene	909415	911196	.	+	.	ID=gene:WBGene00019072;Name=fbxc-8;biotype=protein_coding;description=F-box C protein [Source:NCBI gene%3BAcc:186554];gene_id=WBGene00019072;logic_name=wormbase
IV	WormBase	gene	9371508	9373206	.	+	.	ID=gene:WBGene00007506;Name=fbxc-58;biotype=protein_coding;description=F-box C protein [Source:NCBI gene%3BAcc:182493];gene_id=WBGene00007506;logic_name=wormbase
V	WormBase	gene	10712160	10732422	.	-	.	ID=gene:WBGene00012117;Name=T28B11.1;biotype=protein_coding;description=F-box domain-containing protein [Source:NCBI gene%3BAcc:179487];gene_id=WBGene00012117;logic_name=wormbase
V	WormBase	gene	11860675	11862289	.	+	.	ID=gene:WBGene00011263;Name=R13H4.5;biotype=protein_coding;description=F-box domain-containing protein [Source:NCBI gene%3BAcc:179625];gene_id=WBGene00011263;logic_name=wormbase
V	WormBase	gene	12708605	12710805	.	+	.	ID=gene:WBGene00011243;Name=R11D1.2;biotype=protein_coding;description=F-box domain-containing protein [Source:NCBI gene%3BAcc:187803];gene_id=WBGene00011243;logic_name=wormbase
V	WormBase	gene	13725874	13727013	.	+	.	ID=gene:WBGene00009427;Name=fbxa-181;biotype=protein_coding;description=F-box domain-containing protein [Source:NCBI gene%3BAcc:185305];gene_id=WBGene00009427;logic_name=wormbase
V	WormBase	gene	13819361	13822980	.	+	.	ID=gene:WBGene00004767;Name=sel-10;biotype=protein_coding;description=F-box/WD repeat-containing protein sel-10 [Source:NCBI gene%3BAcc:179878];gene_id=WBGene00004767;logic_name=wormbase
V	WormBase	gene	14716499	14717425	.	+	.	ID=gene:WBGene00011135;Name=fbxa-147;biotype=protein_coding;description=F-box domain-containing protein [Source:NCBI gene%3BAcc:187693];gene_id=WBGene00011135;logic_name=wormbase
V	WormBase	gene	15050887	15052530	.	-	.	ID=gene:WBGene00007716;Name=fbxa-82;biotype=protein_coding;description=F-box domain-containing protein%3B FTH domain-containing protein [Source:NCBI gene%3BAcc:182883];gene_id=WBGene00007716;logic_name=wormbase
V	WormBase	gene	15182440	15184132	.	+	.	ID=gene:WBGene00011670;Name=fbxa-84;biotype=protein_coding;description=F-box domain-containing protein [Source:NCBI gene%3BAcc:180026];gene_id=WBGene00011670;logic_name=wormbase
V	WormBase	gene	15397385	15398828	.	-	.	ID=gene:WBGene00005931;Name=fbxa-199;biotype=protein_coding;description=G_PROTEIN_RECEP_F1_2 domain-containing protein [Source:NCBI gene%3BAcc:188182];gene_id=WBGene00005931;logic_name=wormbase
V	WormBase	gene	15398939	15399791	.	-	.	ID=gene:WBGene00044759;Name=T06E6.15;biotype=protein_coding;description=F-box domain-containing protein [Source:NCBI gene%3BAcc:4363096];gene_id=WBGene00044759;logic_name=wormbase
V	WormBase	gene	15402264	15404409	.	+	.	ID=gene:WBGene00011539;Name=fbxa-135;biotype=protein_coding;description=F-box domain-containing protein [Source:NCBI gene%3BAcc:188184];gene_id=WBGene00011539;logic_name=wormbase
V	WormBase	gene	15421529	15423683	.	-	.	ID=gene:WBGene00011542;Name=fbxa-104;biotype=protein_coding;description=F-box domain-containing protein [Source:NCBI gene%3BAcc:188192];gene_id=WBGene00011542;logic_name=wormbase
V	WormBase	gene	15423633	15427044	.	-	.	ID=gene:WBGene00012533;Name=fbxa-209;biotype=protein_coding;description=FTH domain-containing protein [Source:NCBI gene%3BAcc:189597];gene_id=WBGene00012533;logic_name=wormbase
V	WormBase	gene	15571476	15572715	.	+	.	ID=gene:WBGene00009222;Name=fbxa-95;biotype=protein_coding;description=F-box domain-containing protein [Source:NCBI gene%3BAcc:185071];gene_id=WBGene00009222;logic_name=wormbase
V	WormBase	gene	15572913	15574155	.	+	.	ID=gene:WBGene00009225;Name=fbxa-94;biotype=protein_coding;description=F-box domain-containing protein [Source:NCBI gene%3BAcc:3564999];gene_id=WBGene00009225;logic_name=wormbase
V	WormBase	gene	15593384	15594673	.	-	.	ID=gene:WBGene00007164;Name=fbxa-139;biotype=protein_coding;description=FTH domain-containing protein [Source:NCBI gene%3BAcc:181954];gene_id=WBGene00007164;logic_name=wormbase
V	WormBase	gene	15600307	15602353	.	-	.	ID=gene:WBGene00007166;Name=fbxa-152;biotype=protein_coding;description=F-box domain-containing protein [Source:NCBI gene%3BAcc:181956];gene_id=WBGene00007166;logic_name=wormbase
V	WormBase	gene	15602882	15605145	.	-	.	ID=gene:WBGene00007163;Name=fbxa-154;biotype=protein_coding;description=F-box domain-containing protein [Source:NCBI gene%3BAcc:181951];gene_id=WBGene00007163;logic_name=wormbase
V	WormBase	gene	15605673	15610384	.	-	.	ID=gene:WBGene00007162;Name=fbxa-153;biotype=protein_coding;description=F-box domain-containing protein [Source:NCBI gene%3BAcc:181950];gene_id=WBGene00007162;logic_name=wormbase
V	WormBase	gene	15814232	15815971	.	-	.	ID=gene:WBGene00010018;Name=fbxa-69;biotype=protein_coding;description=F-box domain-containing protein [Source:NCBI gene%3BAcc:180060];gene_id=WBGene00010018;logic_name=wormbase
V	WormBase	gene	15867673	15869051	.	+	.	ID=gene:WBGene00011513;Name=fbxa-197;biotype=protein_coding;description=F-box A protein [Source:NCBI gene%3BAcc:188165];gene_id=WBGene00011513;logic_name=wormbase
V	WormBase	gene	15981685	15982854	.	-	.	ID=gene:WBGene00009490;Name=fbxa-99;biotype=protein_coding;description=F-box domain-containing protein [Source:NCBI gene%3BAcc:185377];gene_id=WBGene00009490;logic_name=wormbase
V	WormBase	gene	16027445	16031713	.	-	.	ID=gene:WBGene00011689;Name=T10C6.7;biotype=protein_coding;description=F-box domain-containing protein [Source:NCBI gene%3BAcc:188376];gene_id=WBGene00011689;logic_name=wormbase
V	WormBase	gene	16036413	16038334	.	+	.	ID=gene:WBGene00011691;Name=T10C6.10;biotype=protein_coding;description=F-box domain-containing protein [Source:NCBI gene%3BAcc:180071];gene_id=WBGene00011691;logic_name=wormbase
V	WormBase	gene	16044294	16045940	.	-	.	ID=gene:WBGene00050899;Name=T10C6.15;biotype=protein_coding;description=F-box domain-containing protein [Source:NCBI gene%3BAcc:13217259];gene_id=WBGene00050899;logic_name=wormbase
V	WormBase	gene	16060526	16062093	.	-	.	ID=gene:WBGene00008826;Name=fbxa-100;biotype=protein_coding;description=F-box domain-containing protein [Source:NCBI gene%3BAcc:184492];gene_id=WBGene00008826;logic_name=wormbase
V	WormBase	gene	16125794	16127501	.	-	.	ID=gene:WBGene00044661;Name=fbxa-143;biotype=protein_coding;description=F-box domain-containing protein [Source:NCBI gene%3BAcc:4363088];gene_id=WBGene00044661;logic_name=wormbase
V	WormBase	gene	16129409	16131349	.	-	.	ID=gene:WBGene00044659;Name=fbxa-142;biotype=protein_coding;description=F-box domain-containing protein [Source:NCBI gene%3BAcc:4363087];gene_id=WBGene00044659;logic_name=wormbase
V	WormBase	gene	16131135	16132805	.	-	.	ID=gene:WBGene00009709;Name=fbxa-144;biotype=protein_coding;description=FTH domain-containing protein [Source:NCBI gene%3BAcc:185756];gene_id=WBGene00009709;logic_name=wormbase
V	WormBase	gene	16142008	16143116	.	-	.	ID=gene:WBGene00008632;Name=fbxa-88;biotype=protein_coding;description=F-box domain-containing protein [Source:NCBI gene%3BAcc:184273];gene_id=WBGene00008632;logic_name=wormbase
V	WormBase	gene	16142671	16144666	.	+	.	ID=gene:WBGene00008633;Name=fbxa-18;biotype=protein_coding;description=F-box domain-containing protein [Source:NCBI gene%3BAcc:184274];gene_id=WBGene00008633;logic_name=wormbase
V	WormBase	gene	16268001	16269656	.	-	.	ID=gene:WBGene00011752;Name=fbxa-2;biotype=protein_coding;description=F-box domain-containing protein [Source:NCBI gene%3BAcc:180091];gene_id=WBGene00011752;logic_name=wormbase
V	WormBase	gene	16728731	16729960	.	+	.	ID=gene:WBGene00012027;Name=fbxa-127;biotype=protein_coding;description=F-box domain-containing protein [Source:NCBI gene%3BAcc:3564877];gene_id=WBGene00012027;logic_name=wormbase
V	WormBase	gene	16889275	16890749	.	+	.	ID=gene:WBGene00008616;Name=fbxa-44;biotype=protein_coding;description=F-box domain-containing protein [Source:NCBI gene%3BAcc:184231];gene_id=WBGene00008616;logic_name=wormbase
V	WormBase	gene	16898457	16899455	.	-	.	ID=gene:WBGene00008618;Name=fbxa-45;biotype=protein_coding;description=F-box domain-containing protein [Source:NCBI gene%3BAcc:184233];gene_id=WBGene00008618;logic_name=wormbase
V	WormBase	gene	16917201	16918478	.	-	.	ID=gene:WBGene00013610;Name=fbxa-206;biotype=protein_coding;description=F-box domain-containing protein [Source:NCBI gene%3BAcc:180130];gene_id=WBGene00013610;logic_name=wormbase
V	WormBase	gene	16939031	16940049	.	+	.	ID=gene:WBGene00013616;Name=fbxa-148;biotype=protein_coding;description=F-box domain-containing protein [Source:NCBI gene%3BAcc:190834];gene_id=WBGene00013616;logic_name=wormbase
V	WormBase	gene	16947142	16949709	.	-	.	ID=gene:WBGene00013620;Name=fbxa-111;biotype=protein_coding;description=F-box domain-containing protein [Source:NCBI gene%3BAcc:190838];gene_id=WBGene00013620;logic_name=wormbase
V	WormBase	gene	16947158	16948111	.	-	.	ID=gene:WBGene00013619;Name=fbxa-112;biotype=protein_coding;description=FTH domain-containing protein [Source:NCBI gene%3BAcc:190837];gene_id=WBGene00013619;logic_name=wormbase
V	WormBase	gene	16966814	16968586	.	+	.	ID=gene:WBGene00013623;Name=fbxa-90;biotype=protein_coding;description=F-box domain-containing protein [Source:NCBI gene%3BAcc:190842];gene_id=WBGene00013623;logic_name=wormbase
V	WormBase	gene	17259168	17260561	.	+	.	ID=gene:WBGene00044654;Name=fbxa-85;biotype=protein_coding;description=F-box domain-containing protein [Source:NCBI gene%3BAcc:4363110];gene_id=WBGene00044654;logic_name=wormbase
V	WormBase	gene	17273549	17275017	.	+	.	ID=gene:WBGene00044202;Name=K10G4.10;biotype=protein_coding;description=F-box domain-containing protein [Source:NCBI gene%3BAcc:3565149];gene_id=WBGene00044202;logic_name=wormbase
V	WormBase	gene	17322590	17324526	.	+	.	ID=gene:WBGene00009296;Name=F31E9.3;biotype=protein_coding;description=F-box domain-containing protein [Source:NCBI gene%3BAcc:185160];gene_id=WBGene00009296;logic_name=wormbase
V	WormBase	gene	17331640	17335556	.	+	.	ID=gene:WBGene00009836;Name=fbxa-185;biotype=protein_coding;description=F-box domain-containing protein [Source:NCBI gene%3BAcc:185951];gene_id=WBGene00009836;logic_name=wormbase
V	WormBase	gene	17342791	17344926	.	-	.	ID=gene:WBGene00009839;Name=fbxa-188;biotype=protein_coding;description=F-box domain-containing protein [Source:NCBI gene%3BAcc:185954];gene_id=WBGene00009839;logic_name=wormbase
V	WormBase	gene	17345214	17347781	.	+	.	ID=gene:WBGene00009840;Name=fbxa-189;biotype=protein_coding;description=F-box domain-containing protein [Source:NCBI gene%3BAcc:185955];gene_id=WBGene00009840;logic_name=wormbase
V	WormBase	gene	17350387	17352870	.	-	.	ID=gene:WBGene00009841;Name=fbxa-134;biotype=protein_coding;description=FTH domain-containing protein [Source:NCBI gene%3BAcc:185956];gene_id=WBGene00009841;logic_name=wormbase
V	WormBase	gene	17377406	17379233	.	+	.	ID=gene:WBGene00012492;Name=fbxb-7;biotype=protein_coding;description=F-box domain-containing protein [Source:NCBI gene%3BAcc:189498];gene_id=WBGene00012492;logic_name=wormbase
V	WormBase	gene	17492077	17493832	.	-	.	ID=gene:WBGene00010534;Name=fbxa-102;biotype=protein_coding;description=F-box domain-containing protein [Source:NCBI gene%3BAcc:186946];gene_id=WBGene00010534;logic_name=wormbase
V	WormBase	gene	17521035	17527479	.	+	.	ID=gene:WBGene00007672;Name=fbxa-136;biotype=protein_coding;description=F-box A protein [Source:NCBI gene%3BAcc:3565166];gene_id=WBGene00007672;logic_name=wormbase
V	WormBase	gene	17549675	17551209	.	+	.	ID=gene:WBGene00008017;Name=fbxa-176;biotype=protein_coding;description=F-box domain-containing protein [Source:NCBI gene%3BAcc:183320];gene_id=WBGene00008017;logic_name=wormbase
V	WormBase	gene	17555854	17558477	.	-	.	ID=gene:WBGene00008015;Name=fbxa-174;biotype=protein_coding;description=F-box domain-containing protein [Source:NCBI gene%3BAcc:183318];gene_id=WBGene00008015;logic_name=wormbase
V	WormBase	gene	17559246	17561612	.	+	.	ID=gene:WBGene00008014;Name=fbxa-172;biotype=protein_coding;description=F-box domain-containing protein [Source:NCBI gene%3BAcc:183317];gene_id=WBGene00008014;logic_name=wormbase
V	WormBase	gene	17563210	17566003	.	-	.	ID=gene:WBGene00008009;Name=fbxa-171;biotype=protein_coding;description=F-box domain-containing protein [Source:NCBI gene%3BAcc:183312];gene_id=WBGene00008009;logic_name=wormbase
V	WormBase	gene	17584793	17585876	.	+	.	ID=gene:WBGene00008012;Name=fbxa-133;biotype=protein_coding;description=FTH domain-containing protein [Source:NCBI gene%3BAcc:183315];gene_id=WBGene00008012;logic_name=wormbase
V	WormBase	gene	17640672	17650527	.	-	.	ID=gene:WBGene00010212;Name=fbxa-192;biotype=protein_coding;description=F-box domain-containing protein [Source:NCBI gene%3BAcc:186462];gene_id=WBGene00010212;logic_name=wormbase
V	WormBase	gene	17656890	17659385	.	-	.	ID=gene:WBGene00010293;Name=fbxa-108;biotype=protein_coding;description=F-box domain-containing protein [Source:NCBI gene%3BAcc:186560];gene_id=WBGene00010293;logic_name=wormbase
V	WormBase	gene	17895314	17896786	.	-	.	ID=gene:WBGene00007392;Name=fbxa-156;biotype=protein_coding;description=F-box domain-containing protein [Source:NCBI gene%3BAcc:180171];gene_id=WBGene00007392;logic_name=wormbase
V	WormBase	gene	17899803	17901906	.	+	.	ID=gene:WBGene00007393;Name=fbxa-157;biotype=protein_coding;description=F-box domain-containing protein [Source:NCBI gene%3BAcc:182349];gene_id=WBGene00007393;logic_name=wormbase
V	WormBase	gene	18082402	18085200	.	-	.	ID=gene:WBGene00013348;Name=fbxa-106;biotype=protein_coding;description=F-box domain-containing protein [Source:NCBI gene%3BAcc:190394];gene_id=WBGene00013348;logic_name=wormbase
V	WormBase	gene	18123939	18125235	.	+	.	ID=gene:WBGene00012564;Name=fbxa-107;biotype=protein_coding;description=F-box domain-containing protein [Source:NCBI gene%3BAcc:189628];gene_id=WBGene00012564;logic_name=wormbase
V	WormBase	gene	18125375	18127205	.	+	.	ID=gene:WBGene00012565;Name=fbxa-210;biotype=protein_coding;description=F-box domain-containing protein [Source:NCBI gene%3BAcc:180187];gene_id=WBGene00012565;logic_name=wormbase
V	WormBase	gene	18127519	18128888	.	+	.	ID=gene:WBGene00012566;Name=fbxa-211;biotype=protein_coding;description=F-box domain-containing protein [Source:NCBI gene%3BAcc:189629];gene_id=WBGene00012566;logic_name=wormbase
V	WormBase	gene	18129170	18131129	.	-	.	ID=gene:WBGene00044758;Name=Y37H2A.12;biotype=protein_coding;description=F-box domain-containing protein [Source:NCBI gene%3BAcc:4363083];gene_id=WBGene00044758;logic_name=wormbase
V	WormBase	gene	18131619	18133277	.	-	.	ID=gene:WBGene00219210;Name=Y37H2A.18;biotype=protein_coding;description=F-box domain-containing protein [Source:NCBI gene%3BAcc:13218078];gene_id=WBGene00219210;logic_name=wormbase
V	WormBase	gene	18133300	18134478	.	-	.	ID=gene:WBGene00012567;Name=Y37H2A.7;biotype=protein_coding;description=F-box domain-containing protein [Source:NCBI gene%3BAcc:189630];gene_id=WBGene00012567;logic_name=wormbase
V	WormBase	gene	18238109	18241670	.	-	.	ID=gene:WBGene00011213;Name=R10E8.8;biotype=protein_coding;description=F-box domain-containing protein [Source:NCBI gene%3BAcc:259680];gene_id=WBGene00011213;logic_name=wormbase
V	WormBase	gene	18267292	18268844	.	-	.	ID=gene:WBGene00012574;Name=fbxa-213;biotype=protein_coding;description=F-box domain-containing protein [Source:NCBI gene%3BAcc:189636];gene_id=WBGene00012574;logic_name=wormbase
V	WormBase	gene	18318612	18319779	.	+	.	ID=gene:WBGene00007182;Name=fbxb-119;biotype=protein_coding;description=FBA_2 domain-containing protein [Source:NCBI gene%3BAcc:181998];gene_id=WBGene00007182;logic_name=wormbase
V	WormBase	gene	19233769	19235661	.	+	.	ID=gene:WBGene00012066;Name=fbxb-116;biotype=protein_coding;description=FBA_2 domain-containing protein [Source:NCBI gene%3BAcc:188949];gene_id=WBGene00012066;logic_name=wormbase
V	WormBase	gene	19235995	19237304	.	-	.	ID=gene:WBGene00012065;Name=fbxb-2;biotype=protein_coding;description=F-box domain-containing protein [Source:NCBI gene%3BAcc:188948];gene_id=WBGene00012065;logic_name=wormbase
V	WormBase	gene	19238421	19240229	.	-	.	ID=gene:WBGene00012064;Name=fbxb-115;biotype=protein_coding;description=F-box domain-containing protein%3B FBA_2 domain-containing protein [Source:NCBI gene%3BAcc:188947];gene_id=WBGene00012064;logic_name=wormbase
V	WormBase	gene	19240354	19241710	.	+	.	ID=gene:WBGene00012063;Name=fbxb-1;biotype=protein_coding;description=F-box domain-containing protein [Source:NCBI gene%3BAcc:188946];gene_id=WBGene00012063;logic_name=wormbase
V	WormBase	gene	19264448	19269679	.	+	.	ID=gene:WBGene00009015;Name=F21D9.1;biotype=protein_coding;description=F-box domain-containing protein [Source:NCBI gene%3BAcc:184772];gene_id=WBGene00009015;logic_name=wormbase
V	WormBase	gene	19282614	19284639	.	+	.	ID=gene:WBGene00010099;Name=fbxb-117;biotype=protein_coding;description=FBA_2 domain-containing protein [Source:NCBI gene%3BAcc:186289];gene_id=WBGene00010099;logic_name=wormbase
V	WormBase	gene	19288755	19289938	.	+	.	ID=gene:WBGene00010101;Name=fbxb-57;biotype=protein_coding;description=F-box domain-containing protein [Source:NCBI gene%3BAcc:186292];gene_id=WBGene00010101;logic_name=wormbase
V	WormBase	gene	19297810	19298844	.	+	.	ID=gene:WBGene00010104;Name=fbxb-60;biotype=protein_coding;description=F-box domain-containing protein [Source:NCBI gene%3BAcc:186295];gene_id=WBGene00010104;logic_name=wormbase
V	WormBase	gene	19299562	19300488	.	+	.	ID=gene:WBGene00077663;Name=F55C9.14;biotype=protein_coding;description=F-box domain-containing protein [Source:NCBI gene%3BAcc:6418746];gene_id=WBGene00077663;logic_name=wormbase
V	WormBase	gene	19301017	19302034	.	-	.	ID=gene:WBGene00010105;Name=fbxb-62;biotype=protein_coding;description=F-box domain-containing protein [Source:NCBI gene%3BAcc:186296];gene_id=WBGene00010105;logic_name=wormbase
V	WormBase	gene	19302733	19303730	.	-	.	ID=gene:WBGene00044197;Name=fbxb-63;biotype=protein_coding;description=F-box domain-containing protein [Source:NCBI gene%3BAcc:3565062];gene_id=WBGene00044197;logic_name=wormbase
V	WormBase	gene	19304124	19305290	.	+	.	ID=gene:WBGene00010106;Name=fbxb-61;biotype=protein_coding;description=F-box domain-containing protein [Source:NCBI gene%3BAcc:186298];gene_id=WBGene00010106;logic_name=wormbase
V	WormBase	gene	19306594	19309691	.	-	.	ID=gene:WBGene00010107;Name=F55C9.11;biotype=protein_coding;description=F-box domain-containing protein [Source:NCBI gene%3BAcc:186299];gene_id=WBGene00010107;logic_name=wormbase
V	WormBase	gene	19310079	19311491	.	-	.	ID=gene:WBGene00008070;Name=C43D7.8;biotype=protein_coding;description=F-box domain-containing protein [Source:NCBI gene%3BAcc:180267];gene_id=WBGene00008070;logic_name=wormbase
V	WormBase	gene	19313275	19316512	.	+	.	ID=gene:WBGene00008071;Name=fbxb-64;biotype=protein_coding;description=F-box domain-containing protein [Source:NCBI gene%3BAcc:3564913];gene_id=WBGene00008071;logic_name=wormbase
V	WormBase	gene	19329563	19330757	.	+	.	ID=gene:WBGene00008066;Name=fbxb-65;biotype=protein_coding;description=F-box domain-containing protein [Source:NCBI gene%3BAcc:180268];gene_id=WBGene00008066;logic_name=wormbase
V	WormBase	gene	19738417	19739393	.	+	.	ID=gene:WBGene00012246;Name=fbxa-131;biotype=protein_coding;description=FTH domain-containing protein [Source:NCBI gene%3BAcc:189188];gene_id=WBGene00012246;logic_name=wormbase
V	WormBase	gene	1975349	1977380	.	+	.	ID=gene:WBGene00020342;Name=fbxa-201;biotype=protein_coding;description=HTH_48 domain-containing protein [Source:NCBI gene%3BAcc:188270];gene_id=WBGene00020342;logic_name=wormbase
V	WormBase	gene	19776080	19777327	.	-	.	ID=gene:WBGene00010934;Name=fbxa-118;biotype=protein_coding;description=F-box domain-containing protein [Source:NCBI gene%3BAcc:187491];gene_id=WBGene00010934;logic_name=wormbase
V	WormBase	gene	19777247	19778708	.	-	.	ID=gene:WBGene00044655;Name=fbxa-194;biotype=protein_coding;description=F-box domain-containing protein [Source:NCBI gene%3BAcc:4363082];gene_id=WBGene00044655;logic_name=wormbase
V	WormBase	gene	20187657	20188890	.	-	.	ID=gene:WBGene00013754;Name=fbxa-116;biotype=protein_coding;description=F-box domain-containing protein [Source:NCBI gene%3BAcc:190968];gene_id=WBGene00013754;logic_name=wormbase
V	WormBase	gene	20190535	20192152	.	-	.	ID=gene:WBGene00013755;Name=fbxa-115;biotype=protein_coding;description=F-box domain-containing protein [Source:NCBI gene%3BAcc:190970];gene_id=WBGene00013755;logic_name=wormbase
V	WormBase	gene	20196971	20198241	.	+	.	ID=gene:WBGene00013756;Name=ftr-1;biotype=protein_coding;description=F-box domain-containing protein [Source:NCBI gene%3BAcc:180320];gene_id=WBGene00013756;logic_name=wormbase
V	WormBase	gene	20199254	20200648	.	+	.	ID=gene:WBGene00001482;Name=fog-2;biotype=protein_coding;description=F-box domain-containing protein [Source:NCBI gene%3BAcc:180321];gene_id=WBGene00001482;logic_name=wormbase
V	WormBase	gene	20201616	20202874	.	+	.	ID=gene:WBGene00013758;Name=fbxa-114;biotype=protein_coding;description=F-box domain-containing protein [Source:NCBI gene%3BAcc:190972];gene_id=WBGene00013758;logic_name=wormbase
V	WormBase	gene	20203385	20204547	.	+	.	ID=gene:WBGene00013757;Name=fbxa-113;biotype=protein_coding;description=F-box domain-containing protein [Source:NCBI gene%3BAcc:190971];gene_id=WBGene00013757;logic_name=wormbase
V	WormBase	gene	20204524	20206186	.	-	.	ID=gene:WBGene00013759;Name=fbxb-59;biotype=protein_coding;description=FBA_2 domain-containing protein [Source:NCBI gene%3BAcc:190973];gene_id=WBGene00013759;logic_name=wormbase
V	WormBase	gene	20522598	20524512	.	+	.	ID=gene:WBGene00012624;Name=fbxa-150;biotype=protein_coding;description=F-box domain-containing protein [Source:NCBI gene%3BAcc:189692];gene_id=WBGene00012624;logic_name=wormbase
V	WormBase	gene	20527793	20529260	.	+	.	ID=gene:WBGene00012625;Name=Y38H6C.13;biotype=protein_coding;description=F-box domain-containing protein [Source:NCBI gene%3BAcc:189694];gene_id=WBGene00012625;logic_name=wormbase
V	WormBase	gene	2278816	2281401	.	+	.	ID=gene:WBGene00020853;Name=fbxa-137;biotype=protein_coding;description=FTH domain-containing protein [Source:NCBI gene%3BAcc:188978];gene_id=WBGene00020853;logic_name=wormbase
V	WormBase	gene	3276956	3278151	.	-	.	ID=gene:WBGene00020883;Name=fbxa-64;biotype=protein_coding;description=F-box domain-containing protein [Source:NCBI gene%3BAcc:189026];gene_id=WBGene00020883;logic_name=wormbase
V	WormBase	gene	3345312	3346484	.	-	.	ID=gene:WBGene00015885;Name=fbxa-65;biotype=protein_coding;description=F-box domain-containing protein [Source:NCBI gene%3BAcc:182711];gene_id=WBGene00015885;logic_name=wormbase
V	WormBase	gene	5237245	5239504	.	-	.	ID=gene:WBGene00016864;Name=C52A10.3;biotype=protein_coding;description=F-box domain-containing protein [Source:NCBI gene%3BAcc:183711];gene_id=WBGene00016864;logic_name=wormbase
V	WormBase	gene	5418038	5420067	.	-	.	ID=gene:WBGene00017263;Name=F08F3.6;biotype=protein_coding;description=F-box domain-containing protein [Source:NCBI gene%3BAcc:178925];gene_id=WBGene00017263;logic_name=wormbase
V	WormBase	gene	5758792	5760232	.	-	.	ID=gene:WBGene00016891;Name=C53A3.1;biotype=protein_coding;description=F-box domain-containing protein [Source:NCBI gene%3BAcc:183735];gene_id=WBGene00016891;logic_name=wormbase
V	WormBase	gene	5781317	5782787	.	-	.	ID=gene:WBGene00018428;Name=fbxa-183;biotype=protein_coding;description=F-box domain-containing protein [Source:NCBI gene%3BAcc:185738];gene_id=WBGene00018428;logic_name=wormbase
V	WormBase	gene	6067816	6070068	.	-	.	ID=gene:WBGene00021390;Name=fbxa-214;biotype=protein_coding;description=FTH domain-containing protein [Source:NCBI gene%3BAcc:178995];gene_id=WBGene00021390;logic_name=wormbase
V	WormBase	gene	615575	617166	.	+	.	ID=gene:WBGene00018624;Name=F48G7.13;biotype=protein_coding;description=F-box domain-containing protein [Source:NCBI gene%3BAcc:186001];gene_id=WBGene00018624;logic_name=wormbase
V	WormBase	gene	6327280	6328865	.	+	.	ID=gene:WBGene00020890;Name=fbxa-202;biotype=protein_coding;description=F-box domain-containing protein [Source:NCBI gene%3BAcc:189038];gene_id=WBGene00020890;logic_name=wormbase
V	WormBase	gene	6448656	6450217	.	+	.	ID=gene:WBGene00020265;Name=fbxa-196;biotype=protein_coding;description=F-box domain-containing protein [Source:NCBI gene%3BAcc:188148];gene_id=WBGene00020265;logic_name=wormbase
V	WormBase	gene	6518297	6519042	.	+	.	ID=gene:WBGene00018490;Name=F46E10.3;biotype=protein_coding;description=F-box domain-containing protein [Source:NCBI gene%3BAcc:185849];gene_id=WBGene00018490;logic_name=wormbase
V	WormBase	gene	6533614	6546500	.	-	.	ID=gene:WBGene00001089;Name=dre-1;biotype=protein_coding;description=F-box protein dre-1 [Source:NCBI gene%3BAcc:179045];gene_id=WBGene00001089;logic_name=wormbase
V	WormBase	gene	674886	676753	.	-	.	ID=gene:WBGene00017962;Name=fbxa-72;biotype=protein_coding;description=FTH domain-containing protein [Source:NCBI gene%3BAcc:185173];gene_id=WBGene00017962;logic_name=wormbase
V	WormBase	gene	722646	723952	.	-	.	ID=gene:WBGene00019243;Name=fbxb-72;biotype=protein_coding;description=F-box domain-containing protein [Source:NCBI gene%3BAcc:178582];gene_id=WBGene00019243;logic_name=wormbase
V	WormBase	gene	7390529	7392029	.	-	.	ID=gene:WBGene00015362;Name=fbxa-105;biotype=protein_coding;description=F-box domain-containing protein [Source:NCBI gene%3BAcc:179126];gene_id=WBGene00015362;logic_name=wormbase
V	WormBase	gene	7742909	7751369	.	+	.	ID=gene:WBGene00020245;Name=T05B11.1;biotype=protein_coding;description=F-box domain-containing protein [Source:NCBI gene%3BAcc:179151];gene_id=WBGene00020245;logic_name=wormbase
X	WormBase	gene	114700	116814	.	+	.	ID=gene:WBGene00022217;Name=fbxa-221;biotype=protein_coding;description=F-box domain-containing protein [Source:NCBI gene%3BAcc:190633];gene_id=WBGene00022217;logic_name=wormbase
X	WormBase	gene	117380	119218	.	+	.	ID=gene:WBGene00045295;Name=fbxa-222;biotype=protein_coding;description=F-box domain-containing protein [Source:NCBI gene%3BAcc:6418873];gene_id=WBGene00045295;logic_name=wormbase
X	WormBase	gene	119663	122279	.	+	.	ID=gene:WBGene00022216;Name=fbxa-16;biotype=protein_coding;description=F-box A protein [Source:NCBI gene%3BAcc:190632];gene_id=WBGene00022216;logic_name=wormbase
X	WormBase	gene	12858001	12859633	.	+	.	ID=gene:WBGene00011770;Name=T14G8.2;biotype=protein_coding;description=F-box domain-containing protein [Source:NCBI gene%3BAcc:188502];gene_id=WBGene00011770;logic_name=wormbase
X	WormBase	gene	1372012	1374713	.	+	.	ID=gene:WBGene00018939;Name=fbxa-190;biotype=protein_coding;description=F-box domain-containing protein [Source:NCBI gene%3BAcc:186361];gene_id=WBGene00018939;logic_name=wormbase
X	WormBase	gene	14411203	14412874	.	-	.	ID=gene:WBGene00045292;Name=fbxa-179;biotype=protein_coding;description=F-box domain-containing protein [Source:NCBI gene%3BAcc:6418866];gene_id=WBGene00045292;logic_name=wormbase
X	WormBase	gene	14445001	14446320	.	+	.	ID=gene:WBGene00009088;Name=F23D12.4;biotype=protein_coding;description=F-box domain-containing protein [Source:NCBI gene%3BAcc:184897];gene_id=WBGene00009088;logic_name=wormbase
X	WormBase	gene	14511248	14512917	.	-	.	ID=gene:WBGene00008355;Name=fbxa-141;biotype=protein_coding;description=FTH domain-containing protein [Source:NCBI gene%3BAcc:183903];gene_id=WBGene00008355;logic_name=wormbase
X	WormBase	gene	14540660	14542092	.	-	.	ID=gene:WBGene00011983;Name=fbxa-81;biotype=protein_coding;description=F-box domain-containing protein [Source:NCBI gene%3BAcc:188841];gene_id=WBGene00011983;logic_name=wormbase
X	WormBase	gene	15058369	15060403	.	-	.	ID=gene:WBGene00010360;Name=fbxa-96;biotype=protein_coding;description=F-box domain-containing protein [Source:NCBI gene%3BAcc:186676];gene_id=WBGene00010360;logic_name=wormbase
X	WormBase	gene	1536366	1540299	.	+	.	ID=gene:WBGene00019436;Name=K06A9.2;biotype=protein_coding;description=F-box domain-containing protein [Source:NCBI gene%3BAcc:180493];gene_id=WBGene00019436;logic_name=wormbase
X	WormBase	gene	1628137	1629454	.	+	.	ID=gene:WBGene00019186;Name=fbxb-58;biotype=protein_coding;description=FBA_2 domain-containing protein [Source:NCBI gene%3BAcc:186720];gene_id=WBGene00019186;logic_name=wormbase
X	WormBase	gene	16505648	16513521	.	+	.	ID=gene:WBGene00020795;Name=T25D1.3;biotype=protein_coding;description=F-box domain-containing protein [Source:NCBI gene%3BAcc:188891];gene_id=WBGene00020795;logic_name=wormbase
X	WormBase	gene	1676205	1678121	.	-	.	ID=gene:WBGene00016486;Name=fbxa-170;biotype=protein_coding;description=F-box domain-containing protein [Source:NCBI gene%3BAcc:183273];gene_id=WBGene00016486;logic_name=wormbase
X	WormBase	gene	16921833	16923145	.	+	.	ID=gene:WBGene00016254;Name=fbxb-114;biotype=protein_coding;description=FBA_2 domain-containing protein [Source:NCBI gene%3BAcc:183048];gene_id=WBGene00016254;logic_name=wormbase
X	WormBase	gene	1710149	1712638	.	-	.	ID=gene:WBGene00017225;Name=fbxa-52;biotype=protein_coding;description=FTH domain-containing protein [Source:NCBI gene%3BAcc:184153];gene_id=WBGene00017225;logic_name=wormbase
X	WormBase	gene	1716253	1718579	.	-	.	ID=gene:WBGene00017226;Name=fbxa-53;biotype=protein_coding;description=F-box domain-containing protein [Source:NCBI gene%3BAcc:184154];gene_id=WBGene00017226;logic_name=wormbase
X	WormBase	gene	17302719	17304036	.	+	.	ID=gene:WBGene00016346;Name=fbxa-120;biotype=protein_coding;description=F-box domain-containing protein [Source:NCBI gene%3BAcc:183161];gene_id=WBGene00016346;logic_name=wormbase
X	WormBase	gene	17305220	17306370	.	+	.	ID=gene:WBGene00016345;Name=C33E10.1;biotype=protein_coding;description=F-box domain-containing protein [Source:NCBI gene%3BAcc:181763];gene_id=WBGene00016345;logic_name=wormbase
X	WormBase	gene	1801456	1805087	.	+	.	ID=gene:WBGene00206378;Name=C14E2.11;biotype=protein_coding;description=F-box domain-containing protein [Source:NCBI gene%3BAcc:13219370];gene_id=WBGene00206378;logic_name=wormbase
X	WormBase	gene	1892187	1893272	.	+	.	ID=gene:WBGene00015118;Name=B0294.3;biotype=protein_coding;description=F-box domain-containing protein [Source:NCBI gene%3BAcc:181910];gene_id=WBGene00015118;logic_name=wormbase
X	WormBase	gene	1940632	1942199	.	-	.	ID=gene:WBGene00021987;Name=fbxa-40;biotype=protein_coding;description=F-box domain-containing protein [Source:NCBI gene%3BAcc:190408];gene_id=WBGene00021987;logic_name=wormbase
X	WormBase	gene	1949161	1950728	.	-	.	ID=gene:WBGene00018684;Name=fbxa-41;biotype=protein_coding;description=F-box domain-containing protein [Source:NCBI gene%3BAcc:186102];gene_id=WBGene00018684;logic_name=wormbase
X	WormBase	gene	3262900	3264206	.	+	.	ID=gene:WBGene00018236;Name=fbxb-71;biotype=protein_coding;description=F-box domain-containing protein [Source:NCBI gene%3BAcc:180618];gene_id=WBGene00018236;logic_name=wormbase
X	WormBase	gene	4644308	4647204	.	-	.	ID=gene:WBGene00044567;Name=C46C11.4;biotype=protein_coding;description=F-box domain-containing protein [Source:NCBI gene%3BAcc:3896883];gene_id=WBGene00044567;logic_name=wormbase
X	WormBase	gene	4793279	4796158	.	+	.	ID=gene:WBGene00018375;Name=F43C9.1;biotype=protein_coding;description=F-box domain-containing protein [Source:NCBI gene%3BAcc:180754];gene_id=WBGene00018375;logic_name=wormbase
X	WormBase	gene	6588795	6596139	.	+	.	ID=gene:WBGene00020884;Name=T28B4.1;biotype=protein_coding;description=F-box domain-containing protein [Source:NCBI gene%3BAcc:180930];gene_id=WBGene00020884;logic_name=wormbase
X	WormBase	gene	8228067	8231931	.	-	.	ID=gene:WBGene00019294;Name=K02A6.3;biotype=protein_coding;description=F-box domain-containing protein [Source:NCBI gene%3BAcc:181077];gene_id=WBGene00019294;logic_name=wormbase
X	WormBase	gene	859615	862461	.	+	.	ID=gene:WBGene00018985;Name=F56F10.2;biotype=protein_coding;description=F-box domain-containing protein [Source:NCBI gene%3BAcc:186404];gene_id=WBGene00018985;logic_name=wormbase
