I	WormBase	gene	10184462	10185520	.	-	.	ID=gene:WBGene00007709;Name=clec-87;biotype=protein_coding;description=C-type lectin domain-containing protein 87 [Source:NCBI gene%3BAcc:172885];gene_id=WBGene00007709;logic_name=wormbase
I	WormBase	gene	11015483	11017537	.	+	.	ID=gene:WBGene00013125;Name=clec-92;biotype=protein_coding;description=C-type lectin domain-containing protein [Source:NCBI gene%3BAcc:190182];gene_id=WBGene00013125;logic_name=wormbase
I	WormBase	gene	11142110	11144135	.	+	.	ID=gene:WBGene00013929;Name=clec-93;biotype=protein_coding;description=C-type lectin domain-containing protein [Source:NCBI gene%3BAcc:191212];gene_id=WBGene00013929;logic_name=wormbase
I	WormBase	gene	11146448	11148318	.	+	.	ID=gene:WBGene00013928;Name=clec-94;biotype=protein_coding;description=C-type lectin domain-containing protein [Source:NCBI gene%3BAcc:173009];gene_id=WBGene00013928;logic_name=wormbase
I	WormBase	gene	11148973	11150303	.	+	.	ID=gene:WBGene00013927;Name=clec-95;biotype=protein_coding;description=C-type lectin domain-containing protein [Source:NCBI gene%3BAcc:173010];gene_id=WBGene00013927;logic_name=wormbase
I	WormBase	gene	11151224	11151975	.	+	.	ID=gene:WBGene00013930;Name=clec-96;biotype=protein_coding;description=C-type lectin domain-containing protein [Source:NCBI gene%3BAcc:191213];gene_id=WBGene00013930;logic_name=wormbase
I	WormBase	gene	11152704	11154330	.	+	.	ID=gene:WBGene00013931;Name=clec-97;biotype=protein_coding;description=C-type lectin domain-containing protein [Source:NCBI gene%3BAcc:191214];gene_id=WBGene00013931;logic_name=wormbase
I	WormBase	gene	11154213	11155369	.	-	.	ID=gene:WBGene00013932;Name=clec-98;biotype=protein_coding;description=C-type lectin domain-containing protein [Source:NCBI gene%3BAcc:191215];gene_id=WBGene00013932;logic_name=wormbase
I	WormBase	gene	11156728	11158833	.	-	.	ID=gene:WBGene00013933;Name=clec-99;biotype=protein_coding;description=C-type lectin domain-containing protein [Source:NCBI gene%3BAcc:173011];gene_id=WBGene00013933;logic_name=wormbase
I	WormBase	gene	11234302	11235176	.	-	.	ID=gene:WBGene00013179;Name=clec-100;biotype=protein_coding;description=C-type lectin domain-containing protein [Source:NCBI gene%3BAcc:190246];gene_id=WBGene00013179;logic_name=wormbase
I	WormBase	gene	11560620	11564387	.	-	.	ID=gene:WBGene00008853;Name=clec-101;biotype=protein_coding;description=C-type LECtin [Source:NCBI gene%3BAcc:184525];gene_id=WBGene00008853;logic_name=wormbase
I	WormBase	gene	12301424	12303157	.	-	.	ID=gene:WBGene00010169;Name=clec-18;biotype=protein_coding;description=C-type LECtin [Source:NCBI gene%3BAcc:186419];gene_id=WBGene00010169;logic_name=wormbase
I	WormBase	gene	12430028	12431500	.	-	.	ID=gene:WBGene00008477;Name=clec-17;biotype=protein_coding;description=C-type LECtin [Source:NCBI gene%3BAcc:173111];gene_id=WBGene00008477;logic_name=wormbase
I	WormBase	gene	12458017	12460903	.	-	.	ID=gene:WBGene00008294;Name=clec-11;biotype=protein_coding;description=C-type LECtin [Source:NCBI gene%3BAcc:183773];gene_id=WBGene00008294;logic_name=wormbase
I	WormBase	gene	12476653	12478594	.	-	.	ID=gene:WBGene00012103;Name=clec-12;biotype=protein_coding;description=C-type LECtin [Source:NCBI gene%3BAcc:189004];gene_id=WBGene00012103;logic_name=wormbase
I	WormBase	gene	12579897	12580957	.	-	.	ID=gene:WBGene00009359;Name=clec-102;biotype=protein_coding;description=C-type LECtin [Source:NCBI gene%3BAcc:185233];gene_id=WBGene00009359;logic_name=wormbase
I	WormBase	gene	12631185	12632555	.	-	.	ID=gene:WBGene00011584;Name=clec-15;biotype=protein_coding;description=C-type LECtin [Source:NCBI gene%3BAcc:173131];gene_id=WBGene00011584;logic_name=wormbase
I	WormBase	gene	12635172	12636542	.	+	.	ID=gene:WBGene00010399;Name=clec-13;biotype=protein_coding;description=C-type LECtin [Source:NCBI gene%3BAcc:173132];gene_id=WBGene00010399;logic_name=wormbase
I	WormBase	gene	12683220	12684386	.	+	.	ID=gene:WBGene00012036;Name=clec-103;biotype=protein_coding;description=C-type lectin domain-containing protein [Source:NCBI gene%3BAcc:188922];gene_id=WBGene00012036;logic_name=wormbase
I	WormBase	gene	12859493	12861293	.	+	.	ID=gene:WBGene00012480;Name=clec-104;biotype=protein_coding;description=C-type lectin domain-containing protein [Source:NCBI gene%3BAcc:189475];gene_id=WBGene00012480;logic_name=wormbase
I	WormBase	gene	12864230	12865350	.	-	.	ID=gene:WBGene00012488;Name=clec-105;biotype=protein_coding;description=C-type lectin domain-containing protein [Source:NCBI gene%3BAcc:3564776];gene_id=WBGene00012488;logic_name=wormbase
I	WormBase	gene	12866098	12866911	.	-	.	ID=gene:WBGene00012482;Name=clec-106;biotype=protein_coding;description=C-type lectin domain-containing protein [Source:NCBI gene%3BAcc:173154];gene_id=WBGene00012482;logic_name=wormbase
I	WormBase	gene	13069521	13071190	.	-	.	ID=gene:WBGene00012502;Name=clec-107;biotype=protein_coding;description=C-type lectin domain-containing protein [Source:NCBI gene%3BAcc:189545];gene_id=WBGene00012502;logic_name=wormbase
I	WormBase	gene	13081412	13082166	.	-	.	ID=gene:WBGene00012504;Name=clec-108;biotype=protein_coding;description=C-type lectin domain-containing protein [Source:NCBI gene%3BAcc:189547];gene_id=WBGene00012504;logic_name=wormbase
I	WormBase	gene	13189792	13190583	.	-	.	ID=gene:WBGene00138716;Name=F17B5.10;biotype=protein_coding;description=C-type lectin domain-containing protein [Source:NCBI gene%3BAcc:13182703];gene_id=WBGene00138716;logic_name=wormbase
I	WormBase	gene	13197128	13198376	.	-	.	ID=gene:WBGene00008907;Name=clec-109;biotype=protein_coding;description=C-type lectin domain-containing protein [Source:NCBI gene%3BAcc:173183];gene_id=WBGene00008907;logic_name=wormbase
I	WormBase	gene	13204497	13205403	.	+	.	ID=gene:WBGene00008909;Name=clec-110;biotype=protein_coding;description=C-type LECtin [Source:NCBI gene%3BAcc:184613];gene_id=WBGene00008909;logic_name=wormbase
I	WormBase	gene	13915664	13917809	.	+	.	ID=gene:WBGene00013502;Name=clec-111;biotype=protein_coding;description=C-type LECtin [Source:NCBI gene%3BAcc:190575];gene_id=WBGene00013502;logic_name=wormbase
I	WormBase	gene	13919375	13922122	.	+	.	ID=gene:WBGene00013503;Name=clec-112;biotype=protein_coding;description=CW domain-containing protein [Source:NCBI gene%3BAcc:190576];gene_id=WBGene00013503;logic_name=wormbase
I	WormBase	gene	14054593	14056894	.	-	.	ID=gene:WBGene00009822;Name=clec-113;biotype=protein_coding;description=CW domain-containing protein [Source:NCBI gene%3BAcc:185945];gene_id=WBGene00009822;logic_name=wormbase
I	WormBase	gene	14233035	14235948	.	-	.	ID=gene:WBGene00008190;Name=clec-114;biotype=protein_coding;description=CW domain-containing protein [Source:NCBI gene%3BAcc:183590];gene_id=WBGene00008190;logic_name=wormbase
I	WormBase	gene	14246228	14247314	.	+	.	ID=gene:WBGene00008188;Name=clec-115;biotype=protein_coding;description=CW domain-containing protein [Source:NCBI gene%3BAcc:183588];gene_id=WBGene00008188;logic_name=wormbase
I	WormBase	gene	14251083	14252416	.	+	.	ID=gene:WBGene00010576;Name=clec-116;biotype=protein_coding;description=C-type LECtin [Source:NCBI gene%3BAcc:187014];gene_id=WBGene00010576;logic_name=wormbase
I	WormBase	gene	3871474	3873402	.	-	.	ID=gene:WBGene00020191;Name=clec-53;biotype=protein_coding;description=C-type LECtin [Source:NCBI gene%3BAcc:171967];gene_id=WBGene00020191;logic_name=wormbase
I	WormBase	gene	4071664	4073128	.	-	.	ID=gene:WBGene00015631;Name=clec-89;biotype=protein_coding;description=C-type LECtin [Source:NCBI gene%3BAcc:24104193];gene_id=WBGene00015631;logic_name=wormbase
I	WormBase	gene	4844908	4847972	.	+	.	ID=gene:WBGene00019009;Name=clec-90;biotype=protein_coding;description=C-type LECtin [Source:NCBI gene%3BAcc:186446];gene_id=WBGene00019009;logic_name=wormbase
I	WormBase	gene	9126140	9127101	.	-	.	ID=gene:WBGene00014117;Name=clec-91;biotype=protein_coding;description=C-type lectin domain-containing protein 91 [Source:NCBI gene%3BAcc:172736];gene_id=WBGene00014117;logic_name=wormbase
II	WormBase	gene	10468202	10470297	.	-	.	ID=gene:WBGene00014063;Name=clec-143;biotype=protein_coding;description=C-type LECtin [Source:NCBI gene%3BAcc:191390];gene_id=WBGene00014063;logic_name=wormbase
II	WormBase	gene	10474221	10476139	.	-	.	ID=gene:WBGene00014043;Name=clec-58;biotype=protein_coding;description=C-type LECtin [Source:NCBI gene%3BAcc:191381];gene_id=WBGene00014043;logic_name=wormbase
II	WormBase	gene	10478004	10479448	.	-	.	ID=gene:WBGene00014045;Name=clec-59;biotype=protein_coding;description=C-type LECtin [Source:NCBI gene%3BAcc:191383];gene_id=WBGene00014045;logic_name=wormbase
II	WormBase	gene	10480043	10481874	.	-	.	ID=gene:WBGene00014046;Name=clec-60;biotype=protein_coding;description=VWFA domain-containing protein [Source:NCBI gene%3BAcc:191384];gene_id=WBGene00014046;logic_name=wormbase
II	WormBase	gene	10488730	10490537	.	-	.	ID=gene:WBGene00014047;Name=clec-61;biotype=protein_coding;description=C-type LECtin [Source:NCBI gene%3BAcc:174613];gene_id=WBGene00014047;logic_name=wormbase
II	WormBase	gene	11831062	11832575	.	-	.	ID=gene:WBGene00012086;Name=clec-144;biotype=protein_coding;description=C-type lectin domain-containing protein [Source:NCBI gene%3BAcc:188994];gene_id=WBGene00012086;logic_name=wormbase
II	WormBase	gene	1255937	1258375	.	+	.	ID=gene:WBGene00018575;Name=clec-119;biotype=protein_coding;description=C-type LECtin [Source:NCBI gene%3BAcc:173504];gene_id=WBGene00018575;logic_name=wormbase
II	WormBase	gene	12575691	12578061	.	-	.	ID=gene:WBGene00012582;Name=clec-8;biotype=protein_coding;description=C-type LECtin [Source:NCBI gene%3BAcc:174893];gene_id=WBGene00012582;logic_name=wormbase
II	WormBase	gene	12578331	12581113	.	-	.	ID=gene:WBGene00012583;Name=clec-4;biotype=protein_coding;description=C-type LECtin [Source:NCBI gene%3BAcc:189654];gene_id=WBGene00012583;logic_name=wormbase
II	WormBase	gene	12893062	12895128	.	-	.	ID=gene:WBGene00009393;Name=clec-62;biotype=protein_coding;description=VWFA domain-containing protein [Source:NCBI gene%3BAcc:174926];gene_id=WBGene00009393;logic_name=wormbase
II	WormBase	gene	12895638	12897446	.	+	.	ID=gene:WBGene00009394;Name=clec-63;biotype=protein_coding;description=C-type LECtin [Source:NCBI gene%3BAcc:174927];gene_id=WBGene00009394;logic_name=wormbase
II	WormBase	gene	12898242	12900439	.	+	.	ID=gene:WBGene00009395;Name=clec-64;biotype=protein_coding;description=C-type LECtin [Source:NCBI gene%3BAcc:185264];gene_id=WBGene00009395;logic_name=wormbase
II	WormBase	gene	12901325	12903336	.	+	.	ID=gene:WBGene00009396;Name=clec-65;biotype=protein_coding;description=C-type LECtin [Source:NCBI gene%3BAcc:174928];gene_id=WBGene00009396;logic_name=wormbase
II	WormBase	gene	12904398	12906644	.	+	.	ID=gene:WBGene00009397;Name=clec-66;biotype=protein_coding;description=C-type LECtin [Source:NCBI gene%3BAcc:174929];gene_id=WBGene00009397;logic_name=wormbase
II	WormBase	gene	13588776	13590561	.	-	.	ID=gene:WBGene00013013;Name=clec-145;biotype=protein_coding;description=C-type lectin domain-containing protein [Source:NCBI gene%3BAcc:175003];gene_id=WBGene00013013;logic_name=wormbase
II	WormBase	gene	13590641	13593774	.	-	.	ID=gene:WBGene00013008;Name=clec-146;biotype=protein_coding;description=C-type lectin domain-containing protein [Source:NCBI gene%3BAcc:175004];gene_id=WBGene00013008;logic_name=wormbase
II	WormBase	gene	14535926	14537828	.	-	.	ID=gene:WBGene00007313;Name=clec-147;biotype=protein_coding;description=C-type lectin domain-containing protein [Source:NCBI gene%3BAcc:175114];gene_id=WBGene00007313;logic_name=wormbase
II	WormBase	gene	1582876	1584240	.	-	.	ID=gene:WBGene00020327;Name=clec-21;biotype=protein_coding;description=C-type LECtin [Source:NCBI gene%3BAcc:188250];gene_id=WBGene00020327;logic_name=wormbase
II	WormBase	gene	1593480	1595237	.	-	.	ID=gene:WBGene00020328;Name=clec-20;biotype=protein_coding;description=C-type LECtin [Source:NCBI gene%3BAcc:188251];gene_id=WBGene00020328;logic_name=wormbase
II	WormBase	gene	1744483	1745932	.	+	.	ID=gene:WBGene00018105;Name=clec-19;biotype=protein_coding;description=C-type LECtin [Source:NCBI gene%3BAcc:185385];gene_id=WBGene00018105;logic_name=wormbase
II	WormBase	gene	296227	297011	.	-	.	ID=gene:WBGene00015193;Name=clec-117;biotype=protein_coding;description=C-type lectin domain-containing protein [Source:NCBI gene%3BAcc:173417];gene_id=WBGene00015193;logic_name=wormbase
II	WormBase	gene	3017468	3019907	.	-	.	ID=gene:WBGene00016577;Name=clec-3;biotype=protein_coding;description=C-type LECtin [Source:NCBI gene%3BAcc:183396];gene_id=WBGene00016577;logic_name=wormbase
II	WormBase	gene	3020562	3023431	.	-	.	ID=gene:WBGene00015198;Name=clec-2;biotype=protein_coding;description=C-type LECtin [Source:NCBI gene%3BAcc:181993];gene_id=WBGene00015198;logic_name=wormbase
II	WormBase	gene	3102318	3104736	.	+	.	ID=gene:WBGene00021291;Name=clec-121;biotype=protein_coding;description=C-type LECtin [Source:NCBI gene%3BAcc:189537];gene_id=WBGene00021291;logic_name=wormbase
II	WormBase	gene	3106065	3108032	.	+	.	ID=gene:WBGene00021290;Name=clec-122;biotype=protein_coding;description=C-type lectin domain-containing protein [Source:NCBI gene%3BAcc:189536];gene_id=WBGene00021290;logic_name=wormbase
II	WormBase	gene	3114234	3116762	.	+	.	ID=gene:WBGene00021288;Name=clec-123;biotype=protein_coding;description=C-type LECtin [Source:NCBI gene%3BAcc:173658];gene_id=WBGene00021288;logic_name=wormbase
II	WormBase	gene	3249706	3250885	.	+	.	ID=gene:WBGene00015909;Name=clec-124;biotype=protein_coding;description=C-type lectin domain-containing protein [Source:NCBI gene%3BAcc:182737];gene_id=WBGene00015909;logic_name=wormbase
II	WormBase	gene	3516003	3518898	.	+	.	ID=gene:WBGene00021118;Name=clec-125;biotype=protein_coding;description=C-type lectin domain-containing protein [Source:NCBI gene%3BAcc:173697];gene_id=WBGene00021118;logic_name=wormbase
II	WormBase	gene	3519494	3520712	.	+	.	ID=gene:WBGene00021117;Name=clec-126;biotype=protein_coding;description=C-type lectin domain-containing protein [Source:NCBI gene%3BAcc:173699];gene_id=WBGene00021117;logic_name=wormbase
II	WormBase	gene	3568117	3569218	.	-	.	ID=gene:WBGene00021138;Name=clec-127;biotype=protein_coding;description=C-type lectin domain-containing protein [Source:NCBI gene%3BAcc:189338];gene_id=WBGene00021138;logic_name=wormbase
II	WormBase	gene	3569430	3571027	.	-	.	ID=gene:WBGene00021139;Name=clec-128;biotype=protein_coding;description=C-type LECtin [Source:NCBI gene%3BAcc:189339];gene_id=WBGene00021139;logic_name=wormbase
II	WormBase	gene	3571488	3572947	.	+	.	ID=gene:WBGene00021145;Name=clec-129;biotype=protein_coding;description=C-type lectin domain-containing protein [Source:NCBI gene%3BAcc:189343];gene_id=WBGene00021145;logic_name=wormbase
II	WormBase	gene	3573555	3574680	.	+	.	ID=gene:WBGene00021144;Name=clec-130;biotype=protein_coding;description=C-type lectin domain-containing protein [Source:NCBI gene%3BAcc:173705];gene_id=WBGene00021144;logic_name=wormbase
II	WormBase	gene	3577042	3578152	.	+	.	ID=gene:WBGene00021143;Name=clec-132;biotype=protein_coding;description=C-type lectin domain-containing protein [Source:NCBI gene%3BAcc:173706];gene_id=WBGene00021143;logic_name=wormbase
II	WormBase	gene	3578421	3579081	.	+	.	ID=gene:WBGene00021142;Name=clec-133;biotype=protein_coding;description=C-type lectin domain-containing protein [Source:NCBI gene%3BAcc:189342];gene_id=WBGene00021142;logic_name=wormbase
II	WormBase	gene	3580067	3581475	.	+	.	ID=gene:WBGene00021141;Name=clec-134;biotype=protein_coding;description=CW domain-containing protein [Source:NCBI gene%3BAcc:189341];gene_id=WBGene00021141;logic_name=wormbase
II	WormBase	gene	402678	404180	.	+	.	ID=gene:WBGene00015403;Name=clec-10;biotype=protein_coding;description=C-type LECtin [Source:NCBI gene%3BAcc:173430];gene_id=WBGene00015403;logic_name=wormbase
II	WormBase	gene	4257049	4258783	.	-	.	ID=gene:WBGene00015821;Name=clec-135;biotype=protein_coding;description=C-type LECtin [Source:NCBI gene%3BAcc:173760];gene_id=WBGene00015821;logic_name=wormbase
II	WormBase	gene	4615574	4616543	.	-	.	ID=gene:WBGene00018047;Name=clec-136;biotype=protein_coding;description=C-type LECtin [Source:NCBI gene%3BAcc:173799];gene_id=WBGene00018047;logic_name=wormbase
II	WormBase	gene	4617152	4618090	.	-	.	ID=gene:WBGene00018048;Name=clec-137;biotype=protein_coding;description=C-type LECtin [Source:NCBI gene%3BAcc:185281];gene_id=WBGene00018048;logic_name=wormbase
II	WormBase	gene	4618880	4619800	.	-	.	ID=gene:WBGene00018049;Name=clec-138;biotype=protein_coding;description=C-type LECtin [Source:NCBI gene%3BAcc:185282];gene_id=WBGene00018049;logic_name=wormbase
II	WormBase	gene	4619988	4621750	.	-	.	ID=gene:WBGene00018050;Name=clec-139;biotype=protein_coding;description=C-type LECtin [Source:NCBI gene%3BAcc:185283];gene_id=WBGene00018050;logic_name=wormbase
II	WormBase	gene	4673060	4676285	.	+	.	ID=gene:WBGene00020220;Name=clec-140;biotype=protein_coding;description=C-type lectin domain-containing protein [Source:NCBI gene%3BAcc:188082];gene_id=WBGene00020220;logic_name=wormbase
II	WormBase	gene	5405747	5407648	.	-	.	ID=gene:WBGene00017139;Name=clec-141;biotype=protein_coding;description=C-type lectin domain-containing protein 141 [Source:NCBI gene%3BAcc:184044];gene_id=WBGene00017139;logic_name=wormbase
II	WormBase	gene	609618	612461	.	-	.	ID=gene:WBGene00021032;Name=clec-118;biotype=protein_coding;description=C-type lectin domain-containing protein [Source:NCBI gene%3BAcc:189207];gene_id=WBGene00021032;logic_name=wormbase
II	WormBase	gene	6365722	6367002	.	+	.	ID=gene:WBGene00019606;Name=clec-88;biotype=protein_coding;description=C-type lectin domain-containing protein%3B C-type lectin domain-containing protein 88 [Source:NCBI gene%3BAcc:174056];gene_id=WBGene00019606;logic_name=wormbase
II	WormBase	gene	8278678	8281035	.	+	.	ID=gene:WBGene00010460;Name=clec-142;biotype=protein_coding;description=C-type LECtin [Source:NCBI gene%3BAcc:186842];gene_id=WBGene00010460;logic_name=wormbase
II	WormBase	gene	944066	946157	.	+	.	ID=gene:WBGene00019917;Name=clec-43;biotype=protein_coding;description=C-type LECtin [Source:NCBI gene%3BAcc:187664];gene_id=WBGene00019917;logic_name=wormbase
III	WormBase	gene	1002707	1006298	.	+	.	ID=gene:WBGene00019914;Name=clec-150;biotype=protein_coding;description=C-type lectin domain-containing protein [Source:NCBI gene%3BAcc:175261];gene_id=WBGene00019914;logic_name=wormbase
III	WormBase	gene	10794349	10796369	.	+	.	ID=gene:WBGene00012661;Name=clec-163;biotype=protein_coding;description=C-type LECtin [Source:NCBI gene%3BAcc:189714];gene_id=WBGene00012661;logic_name=wormbase
III	WormBase	gene	174609	175833	.	-	.	ID=gene:WBGene00018246;Name=clec-148;biotype=protein_coding;description=C-type lectin domain-containing protein [Source:NCBI gene%3BAcc:185558];gene_id=WBGene00018246;logic_name=wormbase
III	WormBase	gene	4628465	4631132	.	+	.	ID=gene:WBGene00008659;Name=clec-151;biotype=protein_coding;description=C-type lectin domain-containing protein [Source:NCBI gene%3BAcc:184310];gene_id=WBGene00008659;logic_name=wormbase
III	WormBase	gene	4635247	4637534	.	+	.	ID=gene:WBGene00008660;Name=clec-153;biotype=protein_coding;description=C-type lectin domain-containing protein [Source:NCBI gene%3BAcc:184311];gene_id=WBGene00008660;logic_name=wormbase
III	WormBase	gene	4841039	4842273	.	-	.	ID=gene:WBGene00017809;Name=clec-156;biotype=protein_coding;description=C-type lectin domain-containing protein [Source:NCBI gene%3BAcc:184950];gene_id=WBGene00017809;logic_name=wormbase
III	WormBase	gene	4843434	4844427	.	-	.	ID=gene:WBGene00017810;Name=clec-157;biotype=protein_coding;description=C-type lectin domain-containing protein [Source:NCBI gene%3BAcc:175641];gene_id=WBGene00017810;logic_name=wormbase
III	WormBase	gene	4881888	4883606	.	-	.	ID=gene:WBGene00016450;Name=clec-5;biotype=protein_coding;description=C-type LECtin [Source:NCBI gene%3BAcc:175652];gene_id=WBGene00016450;logic_name=wormbase
III	WormBase	gene	4885660	4887444	.	-	.	ID=gene:WBGene00016451;Name=clec-6;biotype=protein_coding;description=C-type LECtin [Source:NCBI gene%3BAcc:183242];gene_id=WBGene00016451;logic_name=wormbase
III	WormBase	gene	6858745	6859582	.	-	.	ID=gene:WBGene00020067;Name=clec-158;biotype=protein_coding;description=C-type lectin domain-containing protein 158 [Source:NCBI gene%3BAcc:187871];gene_id=WBGene00020067;logic_name=wormbase
III	WormBase	gene	823222	826408	.	+	.	ID=gene:WBGene00019328;Name=clec-149;biotype=protein_coding;description=C-type lectin domain-containing protein [Source:NCBI gene%3BAcc:186903];gene_id=WBGene00019328;logic_name=wormbase
III	WormBase	gene	8272956	8275971	.	-	.	ID=gene:WBGene00017322;Name=clec-160;biotype=protein_coding;description=C-type lectin domain-containing protein 160 [Source:NCBI gene%3BAcc:176167];gene_id=WBGene00017322;logic_name=wormbase
III	WormBase	gene	9603003	9608750	.	-	.	ID=gene:WBGene00010228;Name=clec-161;biotype=protein_coding;description=C-type lectin domain-containing protein 161 [Source:NCBI gene%3BAcc:176357];gene_id=WBGene00010228;logic_name=wormbase
III	WormBase	gene	9723239	9725214	.	-	.	ID=gene:WBGene00007399;Name=clec-162;biotype=protein_coding;description=C-type lectin domain-containing protein 162 [Source:NCBI gene%3BAcc:182353];gene_id=WBGene00007399;logic_name=wormbase
IV	WormBase	gene	12432640	12435035	.	+	.	ID=gene:WBGene00023502;Name=clec-184;biotype=protein_coding;description=C-type LECtin [Source:NCBI gene%3BAcc:3564777];gene_id=WBGene00023502;logic_name=wormbase
IV	WormBase	gene	12438659	12441213	.	+	.	ID=gene:WBGene00007729;Name=clec-185;biotype=protein_coding;description=C-type LECtin [Source:NCBI gene%3BAcc:182914];gene_id=WBGene00007729;logic_name=wormbase
IV	WormBase	gene	12442015	12443205	.	+	.	ID=gene:WBGene00255469;Name=C25G4.17;biotype=protein_coding;description=C-type lectin domain-containing protein [Source:NCBI gene%3BAcc:24104251];gene_id=WBGene00255469;logic_name=wormbase
IV	WormBase	gene	1245171	1246886	.	-	.	ID=gene:WBGene00009523;Name=clec-165;biotype=protein_coding;description=C-type lectin domain-containing protein [Source:NCBI gene%3BAcc:185440];gene_id=WBGene00009523;logic_name=wormbase
IV	WormBase	gene	1249192	1251342	.	-	.	ID=gene:WBGene00009518;Name=clec-166;biotype=protein_coding;description=C-type lectin domain-containing protein [Source:NCBI gene%3BAcc:185435];gene_id=WBGene00009518;logic_name=wormbase
IV	WormBase	gene	1253137	1255732	.	-	.	ID=gene:WBGene00009517;Name=clec-167;biotype=protein_coding;description=C-type lectin domain-containing protein [Source:NCBI gene%3BAcc:185434];gene_id=WBGene00009517;logic_name=wormbase
IV	WormBase	gene	1256969	1259344	.	+	.	ID=gene:WBGene00009520;Name=clec-168;biotype=protein_coding;description=C-type lectin domain-containing protein [Source:NCBI gene%3BAcc:185437];gene_id=WBGene00009520;logic_name=wormbase
IV	WormBase	gene	1261324	1264622	.	+	.	ID=gene:WBGene00009526;Name=clec-169;biotype=protein_coding;description=C-type lectin domain-containing protein [Source:NCBI gene%3BAcc:3565430];gene_id=WBGene00009526;logic_name=wormbase
IV	WormBase	gene	1266866	1274425	.	+	.	ID=gene:WBGene00009515;Name=clec-170;biotype=protein_coding;description=C-type lectin domain-containing protein [Source:NCBI gene%3BAcc:3565354];gene_id=WBGene00009515;logic_name=wormbase
IV	WormBase	gene	12866109	12869080	.	+	.	ID=gene:WBGene00014138;Name=clec-186;biotype=protein_coding;description=C-type LECtin [Source:NCBI gene%3BAcc:178238];gene_id=WBGene00014138;logic_name=wormbase
IV	WormBase	gene	12869270	12871495	.	-	.	ID=gene:WBGene00014137;Name=clec-187;biotype=protein_coding;description=C-type LECtin [Source:NCBI gene%3BAcc:191451];gene_id=WBGene00014137;logic_name=wormbase
IV	WormBase	gene	1425113	1427383	.	-	.	ID=gene:WBGene00022312;Name=clec-171;biotype=protein_coding;description=CW domain-containing protein [Source:NCBI gene%3BAcc:190737];gene_id=WBGene00022312;logic_name=wormbase
IV	WormBase	gene	15120837	15122548	.	+	.	ID=gene:WBGene00010954;Name=clec-189;biotype=protein_coding;description=C-type LECtin [Source:NCBI gene%3BAcc:3565781];gene_id=WBGene00010954;logic_name=wormbase
IV	WormBase	gene	15124931	15126121	.	-	.	ID=gene:WBGene00010953;Name=clec-190;biotype=protein_coding;description=C-type LECtin [Source:NCBI gene%3BAcc:178423];gene_id=WBGene00010953;logic_name=wormbase
IV	WormBase	gene	1515453	1516627	.	-	.	ID=gene:WBGene00044719;Name=clec-172;biotype=protein_coding;description=C-type lectin domain-containing protein [Source:NCBI gene%3BAcc:4363071];gene_id=WBGene00044719;logic_name=wormbase
IV	WormBase	gene	16279634	16280714	.	-	.	ID=gene:WBGene00009538;Name=clec-191;biotype=protein_coding;description=C-type LECtin [Source:NCBI gene%3BAcc:185462];gene_id=WBGene00009538;logic_name=wormbase
IV	WormBase	gene	16804857	16806452	.	-	.	ID=gene:WBGene00013774;Name=clec-193;biotype=protein_coding;description=C-type lectin domain-containing protein [Source:NCBI gene%3BAcc:190984];gene_id=WBGene00013774;logic_name=wormbase
IV	WormBase	gene	16831666	16833005	.	+	.	ID=gene:WBGene00013778;Name=clec-194;biotype=protein_coding;description=C-type LECtin [Source:NCBI gene%3BAcc:178467];gene_id=WBGene00013778;logic_name=wormbase
IV	WormBase	gene	17044739	17045791	.	-	.	ID=gene:WBGene00013798;Name=clec-195;biotype=protein_coding;description=C-type LECtin [Source:NCBI gene%3BAcc:191002];gene_id=WBGene00013798;logic_name=wormbase
IV	WormBase	gene	17276956	17277748	.	+	.	ID=gene:WBGene00009156;Name=clec-196;biotype=protein_coding;description=C-type lectin domain-containing protein [Source:NCBI gene%3BAcc:178506];gene_id=WBGene00009156;logic_name=wormbase
IV	WormBase	gene	17343782	17344813	.	+	.	ID=gene:WBGene00008201;Name=C49C3.11;biotype=protein_coding;description=C-type lectin domain-containing protein [Source:NCBI gene%3BAcc:178520];gene_id=WBGene00008201;logic_name=wormbase
IV	WormBase	gene	17345553	17346699	.	-	.	ID=gene:WBGene00008202;Name=clec-197;biotype=protein_coding;description=C-type lectin domain-containing protein [Source:NCBI gene%3BAcc:178521];gene_id=WBGene00008202;logic_name=wormbase
IV	WormBase	gene	17347168	17351076	.	+	.	ID=gene:WBGene00008203;Name=clec-198;biotype=protein_coding;description=C-type LECtin [Source:NCBI gene%3BAcc:183598];gene_id=WBGene00008203;logic_name=wormbase
IV	WormBase	gene	17351886	17358097	.	+	.	ID=gene:WBGene00007820;Name=clec-199;biotype=protein_coding;description=C-type lectin domain-containing protein [Source:NCBI gene%3BAcc:183064];gene_id=WBGene00007820;logic_name=wormbase
IV	WormBase	gene	17361443	17364583	.	+	.	ID=gene:WBGene00007822;Name=clec-202;biotype=protein_coding;description=C-type lectin domain-containing protein [Source:NCBI gene%3BAcc:183067];gene_id=WBGene00007822;logic_name=wormbase
IV	WormBase	gene	2820708	2823542	.	+	.	ID=gene:WBGene00023484;Name=Y54G2A.37;biotype=protein_coding;description=C-type lectin domain-containing protein [Source:NCBI gene%3BAcc:259760];gene_id=WBGene00023484;logic_name=wormbase
IV	WormBase	gene	2823746	2828069	.	+	.	ID=gene:WBGene00043062;Name=clec-80;biotype=protein_coding;description=C-type lectin domain-containing protein [Source:NCBI gene%3BAcc:3565458];gene_id=WBGene00043062;logic_name=wormbase
IV	WormBase	gene	2835664	2838723	.	+	.	ID=gene:WBGene00021873;Name=clec-82;biotype=protein_coding;description=C-type lectin domain-containing protein [Source:NCBI gene%3BAcc:177064];gene_id=WBGene00021873;logic_name=wormbase
IV	WormBase	gene	2838608	2839432	.	+	.	ID=gene:WBGene00043702;Name=Y54G2A.7;biotype=protein_coding;description=C-type lectin domain-containing protein [Source:NCBI gene%3BAcc:24105153];gene_id=WBGene00043702;logic_name=wormbase
IV	WormBase	gene	2839371	2841472	.	-	.	ID=gene:WBGene00021879;Name=clec-83;biotype=protein_coding;description=C-type lectin domain-containing protein [Source:NCBI gene%3BAcc:177065];gene_id=WBGene00021879;logic_name=wormbase
IV	WormBase	gene	2842462	2845605	.	+	.	ID=gene:WBGene00021895;Name=clec-84;biotype=protein_coding;description=C-type lectin domain-containing protein [Source:NCBI gene%3BAcc:177067];gene_id=WBGene00021895;logic_name=wormbase
IV	WormBase	gene	2850886	2855456	.	+	.	ID=gene:WBGene00021872;Name=clec-85;biotype=protein_coding;description=C-type lectin domain-containing protein [Source:NCBI gene%3BAcc:177068];gene_id=WBGene00021872;logic_name=wormbase
IV	WormBase	gene	3266404	3267681	.	-	.	ID=gene:WBGene00044469;Name=clec-173;biotype=protein_coding;description=C-type lectin domain-containing protein [Source:NCBI gene%3BAcc:3896782];gene_id=WBGene00044469;logic_name=wormbase
IV	WormBase	gene	3922165	3925039	.	+	.	ID=gene:WBGene00018971;Name=clec-67;biotype=protein_coding;description=C-type lectin domain-containing protein [Source:NCBI gene%3BAcc:177151];gene_id=WBGene00018971;logic_name=wormbase
IV	WormBase	gene	3926417	3929105	.	+	.	ID=gene:WBGene00018970;Name=clec-68;biotype=protein_coding;description=C-type lectin domain-containing protein [Source:NCBI gene%3BAcc:186388];gene_id=WBGene00018970;logic_name=wormbase
IV	WormBase	gene	3932708	3936307	.	+	.	ID=gene:WBGene00021581;Name=clec-70;biotype=protein_coding;description=C-type lectin domain-containing protein [Source:NCBI gene%3BAcc:189944];gene_id=WBGene00021581;logic_name=wormbase
IV	WormBase	gene	3937458	3939979	.	+	.	ID=gene:WBGene00021582;Name=clec-71;biotype=protein_coding;description=C-type lectin domain-containing protein [Source:NCBI gene%3BAcc:189945];gene_id=WBGene00021582;logic_name=wormbase
IV	WormBase	gene	3940259	3941708	.	-	.	ID=gene:WBGene00021580;Name=clec-174;biotype=protein_coding;description=C-type lectin domain-containing protein [Source:NCBI gene%3BAcc:189943];gene_id=WBGene00021580;logic_name=wormbase
IV	WormBase	gene	3944816	3947362	.	+	.	ID=gene:WBGene00021583;Name=clec-72;biotype=protein_coding;description=C-type lectin domain-containing protein [Source:NCBI gene%3BAcc:177152];gene_id=WBGene00021583;logic_name=wormbase
IV	WormBase	gene	3954030	3956195	.	-	.	ID=gene:WBGene00021579;Name=clec-73;biotype=protein_coding;description=C-type lectin domain-containing protein [Source:NCBI gene%3BAcc:177153];gene_id=WBGene00021579;logic_name=wormbase
IV	WormBase	gene	3957005	3960185	.	+	.	ID=gene:WBGene00021585;Name=clec-74;biotype=protein_coding;description=C-type lectin domain-containing protein [Source:NCBI gene%3BAcc:189948];gene_id=WBGene00021585;logic_name=wormbase
IV	WormBase	gene	3960734	3962846	.	+	.	ID=gene:WBGene00021586;Name=clec-75;biotype=protein_coding;description=C-type lectin domain-containing protein [Source:NCBI gene%3BAcc:189949];gene_id=WBGene00021586;logic_name=wormbase
IV	WormBase	gene	3962884	3964385	.	+	.	ID=gene:WBGene00271795;Name=Y46C8AM.1;biotype=protein_coding;description=C-type lectin domain-containing protein [Source:NCBI gene%3BAcc:34700653];gene_id=WBGene00271795;logic_name=wormbase
IV	WormBase	gene	3965246	3969193	.	+	.	ID=gene:WBGene00021587;Name=clec-76;biotype=protein_coding;description=C-type lectin domain-containing protein [Source:NCBI gene%3BAcc:189950];gene_id=WBGene00021587;logic_name=wormbase
IV	WormBase	gene	3973349	3975721	.	+	.	ID=gene:WBGene00018548;Name=clec-79;biotype=protein_coding;description=C-type lectin domain-containing protein [Source:NCBI gene%3BAcc:177154];gene_id=WBGene00018548;logic_name=wormbase
IV	WormBase	gene	3989102	4014235	.	+	.	ID=gene:WBGene00018547;Name=clec-78;biotype=protein_coding;description=C-type LECtin [Source:NCBI gene%3BAcc:185915];gene_id=WBGene00018547;logic_name=wormbase
IV	WormBase	gene	4422329	4426566	.	+	.	ID=gene:WBGene00019950;Name=clec-175;biotype=protein_coding;description=C-type lectin domain-containing protein [Source:NCBI gene%3BAcc:187697];gene_id=WBGene00019950;logic_name=wormbase
IV	WormBase	gene	4984046	4985375	.	+	.	ID=gene:WBGene00017110;Name=clec-176;biotype=protein_coding;description=CW domain-containing protein [Source:NCBI gene%3BAcc:184028];gene_id=WBGene00017110;logic_name=wormbase
IV	WormBase	gene	4986546	4987725	.	+	.	ID=gene:WBGene00017109;Name=clec-177;biotype=protein_coding;description=CW domain-containing protein [Source:NCBI gene%3BAcc:184027];gene_id=WBGene00017109;logic_name=wormbase
IV	WormBase	gene	5653949	5655003	.	+	.	ID=gene:WBGene00020585;Name=clec-178;biotype=protein_coding;description=C-type lectin domain-containing protein [Source:NCBI gene%3BAcc:177344];gene_id=WBGene00020585;logic_name=wormbase
IV	WormBase	gene	716623	717765	.	+	.	ID=gene:WBGene00021949;Name=clec-164;biotype=protein_coding;description=C-type lectin domain-containing protein [Source:NCBI gene%3BAcc:190323];gene_id=WBGene00021949;logic_name=wormbase
IV	WormBase	gene	7183412	7184697	.	-	.	ID=gene:WBGene00016597;Name=clec-179;biotype=protein_coding;description=C-type LECtin [Source:NCBI gene%3BAcc:183404];gene_id=WBGene00016597;logic_name=wormbase
IV	WormBase	gene	7568893	7573766	.	+	.	ID=gene:WBGene00017991;Name=clec-180;biotype=protein_coding;description=C-type lectin domain-containing protein 180 [Source:NCBI gene%3BAcc:177534];gene_id=WBGene00017991;logic_name=wormbase
IV	WormBase	gene	8161953	8163800	.	-	.	ID=gene:WBGene00015050;Name=clec-51;biotype=protein_coding;description=C-type LECtin%3B C-type lectin domain-containing protein [Source:NCBI gene%3BAcc:181854];gene_id=WBGene00015050;logic_name=wormbase
IV	WormBase	gene	8167164	8168760	.	-	.	ID=gene:WBGene00015052;Name=clec-52;biotype=protein_coding;description=C-type LECtin [Source:NCBI gene%3BAcc:181855];gene_id=WBGene00015052;logic_name=wormbase
IV	WormBase	gene	8596067	8597153	.	+	.	ID=gene:WBGene00044511;Name=clec-181;biotype=protein_coding;description=C-type lectin domain-containing protein [Source:NCBI gene%3BAcc:3896812];gene_id=WBGene00044511;logic_name=wormbase
IV	WormBase	gene	8796881	8798355	.	-	.	ID=gene:WBGene00007897;Name=clec-182;biotype=protein_coding;description=C-type LECtin [Source:NCBI gene%3BAcc:183158];gene_id=WBGene00007897;logic_name=wormbase
IV	WormBase	gene	9328006	9328785	.	+	.	ID=gene:WBGene00011855;Name=clec-183;biotype=protein_coding;description=C-type lectin domain-containing protein [Source:NCBI gene%3BAcc:188635];gene_id=WBGene00011855;logic_name=wormbase
V	WormBase	gene	1088283	1089891	.	+	.	ID=gene:WBGene00021744;Name=clec-203;biotype=protein_coding;description=C-type lectin domain-containing protein [Source:NCBI gene%3BAcc:190095];gene_id=WBGene00021744;logic_name=wormbase
V	WormBase	gene	10953453	10954434	.	-	.	ID=gene:WBGene00008916;Name=clec-221;biotype=protein_coding;description=C-type lectin domain-containing protein [Source:NCBI gene%3BAcc:184615];gene_id=WBGene00008916;logic_name=wormbase
V	WormBase	gene	11271351	11272467	.	+	.	ID=gene:WBGene00007283;Name=clec-222;biotype=protein_coding;description=C-type LECtin [Source:NCBI gene%3BAcc:179560];gene_id=WBGene00007283;logic_name=wormbase
V	WormBase	gene	11273148	11278161	.	+	.	ID=gene:WBGene00007282;Name=clec-223;biotype=protein_coding;description=C-type LECtin [Source:NCBI gene%3BAcc:179561];gene_id=WBGene00007282;logic_name=wormbase
V	WormBase	gene	12177073	12179438	.	-	.	ID=gene:WBGene00044790;Name=clec-224;biotype=protein_coding;description=C-type lectin domain-containing protein [Source:NCBI gene%3BAcc:4363112];gene_id=WBGene00044790;logic_name=wormbase
V	WormBase	gene	13133635	13134886	.	-	.	ID=gene:WBGene00007152;Name=clec-225;biotype=protein_coding;description=C-type lectin domain-containing protein [Source:NCBI gene%3BAcc:181942];gene_id=WBGene00007152;logic_name=wormbase
V	WormBase	gene	13134903	13138101	.	-	.	ID=gene:WBGene00007153;Name=clec-41;biotype=protein_coding;description=C-type LECtin [Source:NCBI gene%3BAcc:179797];gene_id=WBGene00007153;logic_name=wormbase
V	WormBase	gene	13946969	13948923	.	+	.	ID=gene:WBGene00011186;Name=clec-226;biotype=protein_coding;description=CW domain-containing protein [Source:NCBI gene%3BAcc:187762];gene_id=WBGene00011186;logic_name=wormbase
V	WormBase	gene	14469231	14472448	.	+	.	ID=gene:WBGene00008594;Name=clec-57;biotype=protein_coding;description=C-type LECtin [Source:NCBI gene%3BAcc:179951];gene_id=WBGene00008594;logic_name=wormbase
V	WormBase	gene	14472529	14474374	.	+	.	ID=gene:WBGene00008593;Name=clec-227;biotype=protein_coding;description=C-type LECtin [Source:NCBI gene%3BAcc:184216];gene_id=WBGene00008593;logic_name=wormbase
V	WormBase	gene	14474399	14476794	.	+	.	ID=gene:WBGene00008595;Name=clec-56;biotype=protein_coding;description=C-type LECtin [Source:NCBI gene%3BAcc:179953];gene_id=WBGene00008595;logic_name=wormbase
V	WormBase	gene	14476903	14479003	.	+	.	ID=gene:WBGene00008596;Name=clec-54;biotype=protein_coding;description=C-type LECtin [Source:NCBI gene%3BAcc:184217];gene_id=WBGene00008596;logic_name=wormbase
V	WormBase	gene	14479279	14482317	.	+	.	ID=gene:WBGene00008597;Name=clec-55;biotype=protein_coding;description=C-type LECtin [Source:NCBI gene%3BAcc:184218];gene_id=WBGene00008597;logic_name=wormbase
V	WormBase	gene	15175759	15176324	.	+	.	ID=gene:WBGene00011668;Name=clec-47;biotype=protein_coding;description=C-type lectin domain-containing protein [Source:NCBI gene%3BAcc:180025];gene_id=WBGene00011668;logic_name=wormbase
V	WormBase	gene	15338498	15339463	.	-	.	ID=gene:WBGene00044086;Name=clec-228;biotype=protein_coding;description=C-type lectin domain-containing protein [Source:NCBI gene%3BAcc:3565978];gene_id=WBGene00044086;logic_name=wormbase
V	WormBase	gene	15340006	15341504	.	-	.	ID=gene:WBGene00010355;Name=clec-229;biotype=protein_coding;description=C-type lectin domain-containing protein [Source:NCBI gene%3BAcc:186672];gene_id=WBGene00010355;logic_name=wormbase
V	WormBase	gene	15347847	15349144	.	-	.	ID=gene:WBGene00007806;Name=clec-230;biotype=protein_coding;description=C-type lectin domain-containing protein [Source:NCBI gene%3BAcc:183006];gene_id=WBGene00007806;logic_name=wormbase
V	WormBase	gene	15349303	15350715	.	-	.	ID=gene:WBGene00007805;Name=clec-231;biotype=protein_coding;description=C-type lectin domain-containing protein [Source:NCBI gene%3BAcc:183005];gene_id=WBGene00007805;logic_name=wormbase
V	WormBase	gene	15976145	15977618	.	+	.	ID=gene:WBGene00009487;Name=clec-232;biotype=protein_coding;description=C-type lectin domain-containing protein [Source:NCBI gene%3BAcc:185374];gene_id=WBGene00009487;logic_name=wormbase
V	WormBase	gene	16233924	16234898	.	+	.	ID=gene:WBGene00009030;Name=clec-233;biotype=protein_coding;description=C-type lectin domain-containing protein [Source:NCBI gene%3BAcc:180089];gene_id=WBGene00009030;logic_name=wormbase
V	WormBase	gene	16431928	16433571	.	-	.	ID=gene:WBGene00009150;Name=clec-234;biotype=protein_coding;description=C-type lectin domain-containing protein [Source:NCBI gene%3BAcc:184966];gene_id=WBGene00009150;logic_name=wormbase
V	WormBase	gene	16705044	16706649	.	-	.	ID=gene:WBGene00013493;Name=clec-9;biotype=protein_coding;description=C-type LECtin [Source:NCBI gene%3BAcc:190567];gene_id=WBGene00013493;logic_name=wormbase
V	WormBase	gene	16733821	16735618	.	-	.	ID=gene:WBGene00012025;Name=clec-38;biotype=protein_coding;description=C-type LECtin [Source:NCBI gene%3BAcc:188900];gene_id=WBGene00012025;logic_name=wormbase
V	WormBase	gene	16735765	16737445	.	+	.	ID=gene:WBGene00012023;Name=clec-34;biotype=protein_coding;description=C-type LECtin [Source:NCBI gene%3BAcc:180116];gene_id=WBGene00012023;logic_name=wormbase
V	WormBase	gene	16737765	16739200	.	-	.	ID=gene:WBGene00012024;Name=clec-29;biotype=protein_coding;description=C-type LECtin [Source:NCBI gene%3BAcc:180117];gene_id=WBGene00012024;logic_name=wormbase
V	WormBase	gene	16739268	16741588	.	+	.	ID=gene:WBGene00012022;Name=clec-39;biotype=protein_coding;description=C-type LECtin [Source:NCBI gene%3BAcc:188899];gene_id=WBGene00012022;logic_name=wormbase
V	WormBase	gene	16839121	16841061	.	-	.	ID=gene:WBGene00011853;Name=clec-40;biotype=protein_coding;description=C-type LECtin [Source:NCBI gene%3BAcc:188627];gene_id=WBGene00011853;logic_name=wormbase
V	WormBase	gene	16843241	16844851	.	+	.	ID=gene:WBGene00044331;Name=clec-25;biotype=protein_coding;description=C-type lectin domain-containing protein [Source:NCBI gene%3BAcc:3565817];gene_id=WBGene00044331;logic_name=wormbase
V	WormBase	gene	16846811	16848598	.	-	.	ID=gene:WBGene00044332;Name=clec-36;biotype=protein_coding;description=C-type LECtin [Source:NCBI gene%3BAcc:3565454];gene_id=WBGene00044332;logic_name=wormbase
V	WormBase	gene	16848611	16850199	.	+	.	ID=gene:WBGene00011852;Name=clec-26;biotype=protein_coding;description=C-type LECtin [Source:NCBI gene%3BAcc:188626];gene_id=WBGene00011852;logic_name=wormbase
V	WormBase	gene	16850394	16852102	.	-	.	ID=gene:WBGene00013609;Name=clec-37;biotype=protein_coding;description=C-type LECtin [Source:NCBI gene%3BAcc:190828];gene_id=WBGene00013609;logic_name=wormbase
V	WormBase	gene	16852267	16854056	.	-	.	ID=gene:WBGene00013608;Name=clec-35;biotype=protein_coding;description=C-type LECtin [Source:NCBI gene%3BAcc:190827];gene_id=WBGene00013608;logic_name=wormbase
V	WormBase	gene	16854633	16856323	.	+	.	ID=gene:WBGene00013607;Name=clec-27;biotype=protein_coding;description=C-type LECtin [Source:NCBI gene%3BAcc:190826];gene_id=WBGene00013607;logic_name=wormbase
V	WormBase	gene	16856419	16858077	.	-	.	ID=gene:WBGene00009854;Name=clec-31;biotype=protein_coding;description=C-type LECtin [Source:NCBI gene%3BAcc:186002];gene_id=WBGene00009854;logic_name=wormbase
V	WormBase	gene	16858429	16860040	.	+	.	ID=gene:WBGene00009855;Name=clec-22;biotype=protein_coding;description=C-type LECtin [Source:NCBI gene%3BAcc:186003];gene_id=WBGene00009855;logic_name=wormbase
V	WormBase	gene	16860228	16861819	.	-	.	ID=gene:WBGene00009860;Name=clec-32;biotype=protein_coding;description=C-type LECtin [Source:NCBI gene%3BAcc:3565962];gene_id=WBGene00009860;logic_name=wormbase
V	WormBase	gene	16862012	16863890	.	+	.	ID=gene:WBGene00009856;Name=clec-24;biotype=protein_coding;description=C-type LECtin [Source:NCBI gene%3BAcc:186004];gene_id=WBGene00009856;logic_name=wormbase
V	WormBase	gene	16865704	16867293	.	+	.	ID=gene:WBGene00009857;Name=clec-28;biotype=protein_coding;description=C-type LECtin [Source:NCBI gene%3BAcc:186005];gene_id=WBGene00009857;logic_name=wormbase
V	WormBase	gene	16867678	16869840	.	-	.	ID=gene:WBGene00009859;Name=clec-33;biotype=protein_coding;description=C-type LECtin [Source:NCBI gene%3BAcc:186007];gene_id=WBGene00009859;logic_name=wormbase
V	WormBase	gene	16951804	16953629	.	+	.	ID=gene:WBGene00013622;Name=clec-238;biotype=protein_coding;description=C-type lectin domain-containing protein [Source:NCBI gene%3BAcc:190841];gene_id=WBGene00013622;logic_name=wormbase
V	WormBase	gene	16956529	16958077	.	+	.	ID=gene:WBGene00013621;Name=clec-239;biotype=protein_coding;description=C-type lectin domain-containing protein [Source:NCBI gene%3BAcc:190840];gene_id=WBGene00013621;logic_name=wormbase
V	WormBase	gene	17010014	17011849	.	+	.	ID=gene:WBGene00009905;Name=clec-240;biotype=protein_coding;description=C-type lectin domain-containing protein [Source:NCBI gene%3BAcc:186069];gene_id=WBGene00009905;logic_name=wormbase
V	WormBase	gene	17012049	17013332	.	-	.	ID=gene:WBGene00009906;Name=clec-241;biotype=protein_coding;description=C-type lectin domain-containing protein [Source:NCBI gene%3BAcc:186070];gene_id=WBGene00009906;logic_name=wormbase
V	WormBase	gene	17243598	17245506	.	-	.	ID=gene:WBGene00013471;Name=clec-242;biotype=protein_coding;description=C-type lectin domain-containing protein [Source:NCBI gene%3BAcc:190531];gene_id=WBGene00013471;logic_name=wormbase
V	WormBase	gene	17247215	17249015	.	-	.	ID=gene:WBGene00013470;Name=clec-243;biotype=protein_coding;description=C-type lectin domain-containing protein [Source:NCBI gene%3BAcc:190530];gene_id=WBGene00013470;logic_name=wormbase
V	WormBase	gene	1757156	1760303	.	+	.	ID=gene:WBGene00021603;Name=clec-204;biotype=protein_coding;description=C-type LECtin [Source:NCBI gene%3BAcc:178656];gene_id=WBGene00021603;logic_name=wormbase
V	WormBase	gene	1760893	1765305	.	+	.	ID=gene:WBGene00021602;Name=clec-205;biotype=protein_coding;description=C-type lectin domain-containing protein [Source:NCBI gene%3BAcc:178657];gene_id=WBGene00021602;logic_name=wormbase
V	WormBase	gene	18158026	18159614	.	+	.	ID=gene:WBGene00007565;Name=clec-48;biotype=protein_coding;description=C-type LECtin [Source:NCBI gene%3BAcc:180188];gene_id=WBGene00007565;logic_name=wormbase
V	WormBase	gene	18186063	18188428	.	-	.	ID=gene:WBGene00007851;Name=clec-245;biotype=protein_coding;description=C-type lectin domain-containing protein [Source:NCBI gene%3BAcc:183091];gene_id=WBGene00007851;logic_name=wormbase
V	WormBase	gene	18189481	18191115	.	+	.	ID=gene:WBGene00008892;Name=clec-246;biotype=protein_coding;description=C-type lectin domain-containing protein [Source:NCBI gene%3BAcc:184589];gene_id=WBGene00008892;logic_name=wormbase
V	WormBase	gene	18191412	18194168	.	+	.	ID=gene:WBGene00008891;Name=clec-42;biotype=protein_coding;description=C-type LECtin [Source:NCBI gene%3BAcc:180189];gene_id=WBGene00008891;logic_name=wormbase
V	WormBase	gene	18282897	18286527	.	+	.	ID=gene:WBGene00013058;Name=clec-247;biotype=protein_coding;description=C-type lectin domain-containing protein [Source:NCBI gene%3BAcc:190117];gene_id=WBGene00013058;logic_name=wormbase
V	WormBase	gene	18294359	18294749	.	+	.	ID=gene:WBGene00013064;Name=clec-248;biotype=protein_coding;description=C-type LECtin [Source:NCBI gene%3BAcc:3565245];gene_id=WBGene00013064;logic_name=wormbase
V	WormBase	gene	18305181	18305571	.	-	.	ID=gene:WBGene00013063;Name=clec-249;biotype=protein_coding;description=C-type LECtin [Source:NCBI gene%3BAcc:190123];gene_id=WBGene00013063;logic_name=wormbase
V	WormBase	gene	18738955	18742208	.	-	.	ID=gene:WBGene00045364;Name=clec-250;biotype=protein_coding;description=C-type LECtin [Source:NCBI gene%3BAcc:6418824];gene_id=WBGene00045364;logic_name=wormbase
V	WormBase	gene	18745718	18746987	.	-	.	ID=gene:WBGene00008703;Name=clec-251;biotype=protein_coding;description=CW domain-containing protein [Source:NCBI gene%3BAcc:184355];gene_id=WBGene00008703;logic_name=wormbase
V	WormBase	gene	18747943	18748826	.	-	.	ID=gene:WBGene00008702;Name=clec-252;biotype=protein_coding;description=CW domain-containing protein [Source:NCBI gene%3BAcc:184354];gene_id=WBGene00008702;logic_name=wormbase
V	WormBase	gene	18753500	18754428	.	-	.	ID=gene:WBGene00008700;Name=clec-254;biotype=protein_coding;description=C-type LECtin [Source:NCBI gene%3BAcc:184352];gene_id=WBGene00008700;logic_name=wormbase
V	WormBase	gene	18769767	18770723	.	-	.	ID=gene:WBGene00008696;Name=clec-255;biotype=protein_coding;description=C-type LECtin [Source:NCBI gene%3BAcc:184348];gene_id=WBGene00008696;logic_name=wormbase
V	WormBase	gene	18771690	18772639	.	+	.	ID=gene:WBGene00012454;Name=clec-256;biotype=protein_coding;description=C-type LECtin [Source:NCBI gene%3BAcc:189450];gene_id=WBGene00012454;logic_name=wormbase
V	WormBase	gene	18773061	18774024	.	+	.	ID=gene:WBGene00044892;Name=clec-257;biotype=protein_coding;description=C-type lectin domain-containing protein [Source:NCBI gene%3BAcc:4363104];gene_id=WBGene00044892;logic_name=wormbase
V	WormBase	gene	19748961	19751226	.	-	.	ID=gene:WBGene00012251;Name=clec-49;biotype=protein_coding;description=C-type LECtin [Source:NCBI gene%3BAcc:180298];gene_id=WBGene00012251;logic_name=wormbase
V	WormBase	gene	19752399	19755368	.	-	.	ID=gene:WBGene00012253;Name=clec-50;biotype=protein_coding;description=C-type LECtin [Source:NCBI gene%3BAcc:180299];gene_id=WBGene00012253;logic_name=wormbase
V	WormBase	gene	19788440	19789385	.	+	.	ID=gene:WBGene00010928;Name=clec-258;biotype=protein_coding;description=C-type lectin domain-containing protein [Source:NCBI gene%3BAcc:187486];gene_id=WBGene00010928;logic_name=wormbase
V	WormBase	gene	19982994	19986313	.	-	.	ID=gene:WBGene00013357;Name=clec-260;biotype=protein_coding;description=C-type lectin domain-containing protein [Source:NCBI gene%3BAcc:190430];gene_id=WBGene00013357;logic_name=wormbase
V	WormBase	gene	2000418	2004329	.	-	.	ID=gene:WBGene00019089;Name=clec-206;biotype=protein_coding;description=C-type lectin domain-containing protein [Source:NCBI gene%3BAcc:186582];gene_id=WBGene00019089;logic_name=wormbase
V	WormBase	gene	20289888	20294488	.	-	.	ID=gene:WBGene00013834;Name=clec-261;biotype=protein_coding;description=C-type lectin domain-containing protein [Source:NCBI gene%3BAcc:180330];gene_id=WBGene00013834;logic_name=wormbase
V	WormBase	gene	20311819	20315628	.	+	.	ID=gene:WBGene00013831;Name=clec-262;biotype=protein_coding;description=CW domain-containing protein [Source:NCBI gene%3BAcc:191051];gene_id=WBGene00013831;logic_name=wormbase
V	WormBase	gene	20513961	20515732	.	+	.	ID=gene:WBGene00012621;Name=Y38H6C.8;biotype=protein_coding;description=C-type lectin domain-containing protein [Source:NCBI gene%3BAcc:189689];gene_id=WBGene00012621;logic_name=wormbase
V	WormBase	gene	20574614	20577636	.	+	.	ID=gene:WBGene00009171;Name=clec-263;biotype=protein_coding;description=C-type LECtin [Source:NCBI gene%3BAcc:184987];gene_id=WBGene00009171;logic_name=wormbase
V	WormBase	gene	20847702	20850701	.	-	.	ID=gene:WBGene00009291;Name=clec-264;biotype=protein_coding;description=C-type LECtin [Source:NCBI gene%3BAcc:185147];gene_id=WBGene00009291;logic_name=wormbase
V	WormBase	gene	2096072	2097272	.	+	.	ID=gene:WBGene00018096;Name=clec-207;biotype=protein_coding;description=C-type lectin domain-containing protein [Source:NCBI gene%3BAcc:178688];gene_id=WBGene00018096;logic_name=wormbase
V	WormBase	gene	2097953	2099158	.	+	.	ID=gene:WBGene00018097;Name=clec-208;biotype=protein_coding;description=C-type lectin domain-containing protein [Source:NCBI gene%3BAcc:178689];gene_id=WBGene00018097;logic_name=wormbase
V	WormBase	gene	2351676	2352932	.	+	.	ID=gene:WBGene00021224;Name=clec-209;biotype=protein_coding;description=C-type lectin domain-containing protein [Source:NCBI gene%3BAcc:178716];gene_id=WBGene00021224;logic_name=wormbase
V	WormBase	gene	2459637	2460893	.	+	.	ID=gene:WBGene00018910;Name=F56A4.2;biotype=protein_coding;description=C-type lectin domain-containing protein [Source:NCBI gene%3BAcc:178721];gene_id=WBGene00018910;logic_name=wormbase
V	WormBase	gene	3118377	3120323	.	+	.	ID=gene:WBGene00022261;Name=clec-210;biotype=protein_coding;description=C-type LECtin [Source:NCBI gene%3BAcc:190659];gene_id=WBGene00022261;logic_name=wormbase
V	WormBase	gene	4790668	4791474	.	+	.	ID=gene:WBGene00271816;Name=R02F11.12;biotype=protein_coding;description=C-type lectin domain-containing protein [Source:NCBI gene%3BAcc:13212673];gene_id=WBGene00271816;logic_name=wormbase
V	WormBase	gene	5700154	5701080	.	+	.	ID=gene:WBGene00017772;Name=clec-1;biotype=protein_coding;description=C-type lectin domain-containing protein [Source:NCBI gene%3BAcc:178958];gene_id=WBGene00017772;logic_name=wormbase
V	WormBase	gene	7328392	7330002	.	+	.	ID=gene:WBGene00017364;Name=clec-7;biotype=protein_coding;description=C-type LECtin [Source:NCBI gene%3BAcc:184314];gene_id=WBGene00017364;logic_name=wormbase
V	WormBase	gene	7566232	7570390	.	-	.	ID=gene:WBGene00017603;Name=clec-212;biotype=protein_coding;description=C-type LECtin [Source:NCBI gene%3BAcc:184689];gene_id=WBGene00017603;logic_name=wormbase
V	WormBase	gene	7605158	7607211	.	+	.	ID=gene:WBGene00016815;Name=clec-213;biotype=protein_coding;description=C-type LECtin [Source:NCBI gene%3BAcc:183655];gene_id=WBGene00016815;logic_name=wormbase
V	WormBase	gene	7610370	7611905	.	+	.	ID=gene:WBGene00016813;Name=clec-214;biotype=protein_coding;description=C-type lectin domain-containing protein [Source:NCBI gene%3BAcc:183653];gene_id=WBGene00016813;logic_name=wormbase
V	WormBase	gene	7612344	7615648	.	+	.	ID=gene:WBGene00044549;Name=clec-215;biotype=protein_coding;description=CW domain-containing protein [Source:NCBI gene%3BAcc:3896828];gene_id=WBGene00044549;logic_name=wormbase
V	WormBase	gene	7638101	7638657	.	+	.	ID=gene:WBGene00017199;Name=clec-45;biotype=protein_coding;description=C-type lectin domain-containing protein [Source:NCBI gene%3BAcc:184130];gene_id=WBGene00017199;logic_name=wormbase
V	WormBase	gene	7951594	7952955	.	-	.	ID=gene:WBGene00017822;Name=clec-216;biotype=protein_coding;description=C-type LECtin [Source:NCBI gene%3BAcc:184976];gene_id=WBGene00017822;logic_name=wormbase
V	WormBase	gene	7957277	7958840	.	-	.	ID=gene:WBGene00017824;Name=clec-217;biotype=protein_coding;description=C-type LECtin [Source:NCBI gene%3BAcc:184978];gene_id=WBGene00017824;logic_name=wormbase
V	WormBase	gene	8307942	8310766	.	+	.	ID=gene:WBGene00020938;Name=clec-218;biotype=protein_coding;description=C-type LECtin [Source:NCBI gene%3BAcc:189114];gene_id=WBGene00020938;logic_name=wormbase
V	WormBase	gene	8318435	8322867	.	+	.	ID=gene:WBGene00020945;Name=clec-219;biotype=protein_coding;description=C-type LECtin [Source:NCBI gene%3BAcc:179215];gene_id=WBGene00020945;logic_name=wormbase
V	WormBase	gene	8410595	8411831	.	+	.	ID=gene:WBGene00018692;Name=F52E1.2;biotype=protein_coding;description=C-type lectin domain-containing protein [Source:NCBI gene%3BAcc:186111];gene_id=WBGene00018692;logic_name=wormbase
X	WormBase	gene	3031783	3033117	.	+	.	ID=gene:WBGene00019738;Name=clec-265;biotype=protein_coding;description=C-type LECtin [Source:NCBI gene%3BAcc:180590];gene_id=WBGene00019738;logic_name=wormbase
X	WormBase	gene	6617393	6622915	.	-	.	ID=gene:WBGene00016088;Name=clec-266;biotype=protein_coding;description=C-type lectin domain-containing protein [Source:NCBI gene%3BAcc:180932];gene_id=WBGene00016088;logic_name=wormbase
X	WormBase	gene	7139875	7140566	.	+	.	ID=gene:WBGene00016912;Name=clec-86;biotype=protein_coding;description=C-type lectin domain-containing protein [Source:NCBI gene%3BAcc:183775];gene_id=WBGene00016912;logic_name=wormbase
